"Leaf name, latest set",Previous set
leinamycin_LnmI_1_KS1_0AAoxz,leinamycin|AF484556|69681-82994|+|?|LnmI|AAN85522|0OXZ|KS1|KS1
virginiamycin_VirH_1_KS7_0AAoxz,virginiamycin|AB283030|18576-26345|-|?|VirH|BAF50720|0OXZ|KS1|KS7
griseoviridin_SgvE4_1_KS7_b_D_OH,griseoviridin|JX508597|91257-99092|+|?|SgvE4|AGN74895|?|KS1|KS7
rhizoxins_RhiB_1_KS2_0AAoxa,rhizoxins|AM411073|11310-31478|+|?|RhiB|CAL69889|0OXZ|KS1|KS2
chivosazole_ChiD_1_KS10_0AAoxz,chivosazole|DQ065771|47872-61797|+|?|ChiD|AAY89051|0OXZ|KS1|KS10
rhizopodin_RizD_1_KS11_0AAoxa,rhizopodin|FR854394|49812-73226|+|?|RizD|CCA89328|?|KS1|KS11
disorazole_DszC_1_KS9_0AAoxz,disorazole|DQ013294|52550-63937|+|?|DszC|AAY32966|0OXZ|KS1|KS9
thailanstatin_TstC_2_KS2_0bOH,thailanstatin|JX307851|7401-22394|+|?|TstC|AGN11880|?|KS2|KS2
FR901464_Fr9C_2_KS2_0bOH,FR901464|HM047288|14687-29872|+|?|Fr9C|ADH01484|?|KS2|KS2
tolytoxin_TtoE_5_KS11_0b_D_OH,tolytoxin|KR857271|34607-66052|+|?|?|AKQ22650|?|KS?|KS11
misakinolide_MisE_1_KS11_0b_D_OH,misakinolide|KR857273|60103-73629|+|?|?|AKQ22697|0dH|KS?|KS11
luminaolid_LumD_1_KS11_0bimod_b_D_OH,luminaolid|KR857272|60457-73968|+|?|?|AKQ22670|?|?|KS11
thailandamide_TaiN_1_KS16_0a_D_Meb_D_OH,thailandamide|CP000085|1953925-1960173|-|?|BTH_II1664|ABC34599|0ENOLETH|KS1|KS16
oxazolomycin_OzmH_3_KS7_eDB,oxazolomycin|EF552687|43715-52495|+|?|OzmJ|ABS90471|0KlOM|KS2|KS7
bryostatin_BryC_4_KS11_0b_D_OH,bryostatin|DQ889941|17900-34045|+|?|BryC|ABM63528|0dH|KS4|KS11
?,nosperin|GQ979609|17094-41852|+|?|NspC|ADA69239||KS5|KS8
FR901464_Fr9H_2_KS10_exometh,FR901464|HM047288|70796-79954|+|?|Fr9I|ADH01490|?|KS1|KS10
thailanstatin_TstI_1_KS11_0b_D_OH,thailanstatin|JX307851|61206-70391|+|?|TstI|AGN11883|?|KS1|KS11
?,rhizopodin|FR854394|73223-85105|+|?|RizE|CCA89329|?|KS3|KS19
oocydin_Ddad_OocR_1_KS11_obimod_bOH,oocydin_Ddad|CP001654|1675427-1682518|+|?|OocR|ACS85231|?|KS1|KS11
oocydin_Smar_OocR_1_KS11_0bimod_bOH,oocydin_Smar|JX315603|49446-56243|+|?|OocR|AFX60317|?|KS1|KS11
diaphorin_DipT_1_KS4_0acetal,diaphorin|CP003468|230695-257754|+|?|DipT|AGS06887|?|KS1|KS4
pederin_PedF_1_KS4_0hacetal,pederin|AY328023|36226-62031|+|?|PedF|AAS47564|0hemi|KS1|KS4
onnamide_OnnI_1_KS4_0hacetale,onnamide|AY688304|21358-36513|+|?|OnnI|AAV97877|0hemi|KS1|KS4
nosperin_NspC_1_KS4_0hacetal,nosperin|GQ979609|17094-41852|+|?|NspC|ADA69239||KS1|KS4
mupirocin_MmpD_1_KS1_acetylStarter,mupirocin|AF318063|1706-10243|+|?|MmpA|AAM12909|0dH|KS1|KS1
psymberin_PsyD_1_KS3_bimod_0b_L_OH,psymberin|FJ823461|20598-58535|+|?|PsyD|ADA82585|0lH|KS1|KS3
myxovirescin_Ta1_3_KS3_0b_L_OH,myxovirescin|CP000113|4756846-4783794|-|?|Ta1|ABF85931|0H|KS3|KS3
oocydin_Smar_OocN_1_KS5_0a_D_OHb_L_OH,oocydin_Smar|JX315603|27847-47466|+|?|OocN|AFX60313|?|KS1|KS5
oocydin_Ddad_OocN_1_KS5_0a_D_OHb_L_OH,oocydin_Ddad|CP001654|1652738-1673368|+|?|OocN|ACS85227|?|KS1|KS5
phormidolide_EKU96420_PhorO_1_KS9_aMe_D_OH,phormidolide|ALVN01000014|339818-353110|-|?|?|EKU96420|?|KS1|KS9
rhizoxins_RhiA_1_KS1_0GNATStarter,rhizoxins|AM411073|3798-10880|+|?|RhiA|CAL69888|0AcGNAT|KS1|KS1
bacillaene_Bamy_BaeR_2_KS14_0shDBMe,bacillaene_Bamy|AJ634060|63662-71110|+|?|BaeR|CAG23961|0shDM|KS2|KS14
bacillaene_Bsub_PksR_2_KS15_OshDBaMe,bacillaene_Bsub|AL009126|1850890-1858521|+|?|PksR|CAB13606|?|KS2|KS15
?,seudotrienic_acid|AKJU01000004|15329-29989|-|?|?|EJM18770|?|KS2|KS5
thailandamide_TaiD_4_KS4_0reda_D_Me,thailandamide|CP000085|2011510-2028396|-|?|BTH_II1674|ABC34832|0eD|KS4|KS4
oocydin_Ddad_OocN_6_KS10_0bketo,oocydin_Ddad|CP001654|1652738-1673368|+|?|OocN|ACS85227|?|KS6|KS10
oocydin_Smar_OocN_6_KS10_0bketo,oocydin_Smar|JX315603|27847-47466|+|?|OocN|AFX60313|?|KS6|KS10
etnangien_EtnG_4_KS14_0bOH,etnangien|NC_010162|40987-56199|+|?|EtnG|EtnG|0Hbimod|KS4|KS14
difficidin_DifI_4_KS10_bimod_bOH,difficidin|AJ634062|30570-46184|+|?|DifI|CAJ57409|H_D|KS4|KS10
elansolid_Csan_ElaO_2_KS7_bimod_b_D_OH,elansolid_Csan|HQ680975|38576-43660|+|?|ElaO|AEC04361|?|KS2|KS7
elansolid_Cpin_ElsN_2_KS7_bimod_b_D_OH,elansolid_Cpin|CP001699|6736094-6741184|-|?|ElsN|ACU62723|H|KS2|KS7
basiliskamides_P615_14890_KS5_eDB,basiliskamides|NZ_AXBT01000013|102142-112479|-|?|P615_14880|WP_022584873|?|KS3|KS5
?,seudotrienic_acid|AKJU01000004|30085-40821|-|?|?|EJM18771|?|KS3|KS3
elansolid_Csan_ElaP_2_KS9_0bimod_bOH,elansolid_Csan|HQ680975|43662-57434|+|?|ElaP|AEC04362|?|KS2|KS9
elansolid_Cpin_ElsO_2_KS9_0bimod_bOH,elansolid_Cpin|CP001699|6722326-6736092|-|?|ElsO|ACU62722|H|KS2|KS9
bacillaene_Bsub_PksM_3_KS10_bOH,bacillaene_Bsub|AL009126|1821553-1834341|+|?|PksM|CAB13603|?|KS3|KS10
oocydin_Smar_OocS_3_KS15_0b_L_OH,oocydin_Smar|JX315603|56236-72084|+|?|OocS|AFX60318|?|KS3|KS15
oocydin_Ddad_OocS_3_KS15_0b_L_OH,oocydin_Ddad|CP001654|1682511-1699349|+|?|OocS|ACS85232|?|KS3|KS15
etnangien_EtnI_4_KS20_0b_L_OH,etnangien|NC_010162|66952-84873|+|?|EtnI|EtnI|lH|KS4|KS20
etnangien_EtnG_2_KS12_0b_L_OH,etnangien|NC_010162|40987-56199|+|?|EtnG|EtnG|lH|KS2|KS12
etnangien_EtnF_3_KS10_b_L_OH,etnangien|NC_010162|30104-40990|+|?|EtnF|EtnF|lH|KS3|KS10
?,bryostatin|DQ889941|34048-47229|+|?|BryX|ABM63529|?|KS3|KS16
FR901464_Fr9C_3_KS3_0eDB,FR901464|HM047288|14687-29872|+|?|Fr9C|ADH01484|?|KS3|KS3
thailanstatin_TstC_3_KS3_0eDB,thailanstatin|JX307851|7401-22394|+|?|TstC|AGN11880|?|KS3|KS3
oocydin_Ddad_OocS_4_KS16_0,oocydin_Ddad|CP001654|1682511-1699349|+|?|OocS|ACS85232|?|KS4|KS16
oocydin_Smar_OocS_4_KS16_0,oocydin_Smar|JX315603|56236-72084|+|?|OocS|AFX60318|?|KS4|KS16
phormidolide_EKU96419_PhorP_3_KS15_0eDBbMe,phormidolide|ALVN01000014|326750-339679|-|?|?|EKU96419|?|KS3|KS15
?,elansolid_Cpin|CP001699|6703246-6708981|-|?|ElsQ|ACU62720|0D|KS1|KS14
elansolid_Csan_ElaR_1_KS14_0eDB,elansolid_Csan|HQ680975|70776-76511|+|?|ElaR|AEC04364|?|KS1|KS14
pederin_PedH_4_KS13_0eDB,pederin|AY328023|63384-82184|+|?|PedH|AAS47562|0D|KS4|KS13
tolytoxin_TtoF_5_KS19_0eDB,tolytoxin|KR857271|66122-90442|+|?|?|AKQ22649|?|KS?|KS19
luminaolid_LumE_4_KS18_0b_D_OH,luminaolid|KR857272|74003-91126|+|?|?|AKQ22669|?|?|KS18
misakinolide_MisF_5_KS19_0eDB,misakinolide|KR857273|73623-97673|+|?|?|AKQ22696|0eD|KS?|KS19
sorangicin_SorB_1_KS8_0zDB,sorangicin|HM584908|68228-83098|+|?|SorB|ADN68477|0zD|KS1|KS8
bongkrekic_acid_BonD_3_KS12_0vinylbranch,bongkrekic_acid|JX173632|51038-63328|+|?|BonD|AFN27483|?|KS3|KS12
sorangicin_SorI_2_KS24_0zDB,sorangicin|HM584908|133608-141434|+|?|SorI|ADN68484|0zD|KS2|KS24
enacyloxin_Bamb_5919_2_KS11_0eDB,enacyloxin|CP000442|402538-409929|-|?|Bamb_5919|ABI91464|?|KS2|KS11
?,seudotrienic_acid|AKJU01000004|953-5734|-|?|?|EJM18768|?|KS1|KS9
rhizoxins_RhiF_2_KS16_0eDB,rhizoxins|AM411073|74139-81989|+|?|RhiF|CAL69894|0eD|KS2|KS16
?,mupirocin|AF318063|49802-53377|+|?|MmpE|AAM12925|?|KS1|?
disorazole_DszB_4_KS8_0zDB,disorazole|DQ013294|33783-52553|+|?|DszB|AAY32965|0zD|KS4|KS8
rhizoxins_RhiD_3_KS11_0bimod_aMeeDB,rhizoxins|AM411073|47298-59777|+|?|RhiD|CAL69891|0shDdM|KS3|KS11
bacillaene_Bsub_PksR_1_KS14_OaMeDB,bacillaene_Bsub|AL009126|1850890-1858521|+|?|PksR|CAB13606|?|KS1|KS14
bacillaene_Bamy_BaeR_1_KS13_0aMeDB,bacillaene_Bamy|AJ634060|63662-71110|+|?|BaeR|CAG23961|0shD|KS1|KS13
onnamide_OnnI_7_KS10_0red,onnamide|AY688304|21358-36513|+|?|OnnI|AAV97877|0R|KS?|KS10
nosperin_NspC_3_KS6_0biomod_aMeeDB,nosperin|GQ979609|17094-41852|+|?|NspC|ADA69239||KS3|KS6
chivosazole_ChiF_4_KS18_0zDB,chivosazole|DQ065771|76341-93941|+|?|ChiF|AAY89053|0zD|KS4|KS18
?,disorazole|DQ013294|52550-63937|+|?|DszC|AAY32966|0OXZ|KS2|KS10
?,rhizopodin|FR854394|43574-49810|+|?|RizC|CCA89327|?|KS2|KS10
macrolactin_MlnB_1_KS1_acetylStarter,macrolactin|AJ634061|2329-14589|+|?|Pks2B|CAG23964|Acetyl|KS1|KS1
?,corallopyronin|HM071004|34250-46456|-|?|CorK|ADI59533|acetyl|KS1|KS1b
corallopyronin_CorK_1_KS7_acetyl,corallopyronin|HM071004|34250-46456|-|?|corK|ADI59533|acetyl|KS1|KS7
disorazole_DszA_1_KS1_acetylStarter,disorazole|DQ013294|15731-33766|+|?|DszA|AAY32964|start|KS1|KS1
misakinolide_MisC_1_KS1_acetylStarter,misakinolide|KR857273|15190-33063|+|?|?|AKQ22699|?|KS?|KS1
tartrolon_TrtD_1_KS1_unusualStarter_lactate,tartrolon|CP001614|2286203-2299822|+|?|TrtD|ACR13997|?|KS1|KS1
thailanstatin_TstC_1_KS1_lactateStarter,thailanstatin|JX307851|7401-22394|+|?|TstC|AGN11880|?|KS1|KS1
FR901464_Fr9C_1_KS1_unusualstarter_lactate,FR901464|HM047288|14687-29872|+|?|Fr9C|ADH01484|?|KS1|KS1
bryostatin_BryA_1_KS1_lactateStarter,bryostatin|DQ889941|57787-72453|+|?|BryA|ABM63537|dH|KS1|KS1
phormidolide_EKU96424_PhorK_1_KS1_unusualStarter,phormidolide|ALVN01000014|378160-393333|-|?|?|EKU96424|?|KS1|KS1
oocydin_Smar_OocJ_1_KS1_unusualStarter,oocydin_Smar|JX315603|7252-18210|+|?|OocJ|AFX60309|?|KS1|KS1
oocydin_Ddad_OocJ_1_KS1_unusualStarter,oocydin_Ddad|CP001654|1631306-1642741|+|?|OocJ|ACS85223|?|KS1|KS1
tartrolon_TrtE_2_KS5_0red,tartrolon|CP001614|2299866-2314709|+|?|TrtE|ACR12418|?|KS2|KS5
difficidin_DifJ_2_KS12_obimod_bOH,difficidin|AJ634062|46189-53907|+|?|DifJ|CAJ57410|?|KS2|KS12
thailandamide_TaiK_2_KS8_0bOH,thailandamide|CP000085|1989915-1995620|-|?|BTH_II1667|ABC34176|0eDM|KS2|KS8
?,kalimantacin_batumin|GU479979|6732-30773|+|?|Bat2|ADD82940|0bimod|KS6|KS7
bongkrekic_acid_BonA_6_KS6_0bimod_bOH,bongkrekic_acid|JX173632|11410-35136|+|?|BonA|AFN27480|?|KS6|KS6
sorangicin_SorA_7_KS7_0bimod_bOH,sorangicin|HM584908|44097-68231|+|?|SorA|ADN68476|0bimod|KS7|KS7
sorangicin_SorH_3_KS22_0bimod_bOH,sorangicin|HM584908|121857-133514|+|?|SorH|ADN68483|0bimod|KS3|KS22
bacillaene_Bsub_PksJ_3_KS3_OHbimod_OH,bacillaene_Bsub|AL009126|1792806-1807937|+|?|PksJ|CAB13589|?|KS3|KS3
bacillaene_Bamy_BaeJ_3_KS3_0Hbimod_bOH,bacillaene_Bamy|AJ634060|8427-23375|+|?|BaeJ|CAG23957|0Hbimod|KS3|KS3
bacillaene_Bamy_BaeL_4_KS7_0Hbimod_bOH,bacillaene_Bamy|AJ634060|23377-36804|+|?|BaeL|CAG23958|0Hbimod|KS4|KS7
bacillaene_Bsub_PksL_4_KS7_Obimod_bOH,bacillaene_Bsub|AL009126|1807921-1821537|+|?|PksL|CAB13602|?|KS4|KS7
misakinolide_MisE_4_KS14_0b_L_OH,misakinolide|KR857273|60103-73629|+|?|?|AKQ22697|0lH|KS?|KS14
tolytoxin_TtoE_8_KS14_0bimod_b_D_OH,tolytoxin|KR857271|34607-66052|+|?|?|AKQ22650|?|KS?|KS14
luminaolid_LumD_4_KS14_0bimod_b_D_OH,luminaolid|KR857272|60457-73968|+|?|?|AKQ22670|?|?|KS14
difficidin_DifG_2_KS5_0Hbimod_bOH,difficidin|AJ634062|18456-24752|+|?|DifG|CAG23978|0Hbimod|KS2|KS5
oxazolomycin_OzmN_3_KS4_zDB,oxazolomycin|EF552687|20505-43718|+|?|OzmH|ABS90470|0eD|KS4|KS4
albicidin_AlbI_1_KS1_aromaticStarter_AL,albicidin|AJ586576|30166-50805|+|?|AlbI|CAE52339|A|KS1|KS1
elansolid_Csan_ElaJ_1_KS1_aromaticstarter,elansolid_Csan|HQ680975|10135-18318|+|?|ElaJ|AEC04356|?|KS1|KS1
elansolid_Cpin_ElsI_1_KS1_aromaticstarter,elansolid_Cpin|CP001699|6761446-6769629|-|?|ElsI|ACU62728|A|KS1|KS1
bryostatin_BryX_1_KS14_GNATstarter,bryostatin|DQ889941|34048-47229|+|?|BryX|ABM63529|GNAT|KS1|KS14
basiliskamides_P615_BasF_1_KS1_GNATstarter,basiliskamides|NZ_AXBT01000013|118589-125308|-|?|P615_14890|WP_022584875|?|KS1|KS1
kalimantacin_batumin_Bat1_1_KS1_AcStarter,kalimantacin_batumin|GU479979|1-6720|+|?|Bat1|ADD82939|Ac|KS1|KS1
psymberin_PsyA_1_KS1_GNATStarter,psymberin|FJ823461|4482-14375|+|?|PsyA|ADA82581|GNAT|KS1|KS1
diaphorin_DipP_1_KS1_GNATstarter,diaphorin|CP003468|134072-149572|-|?|DipP|AGS06823|?|KS1|KS1
pederin_PedI_1_KS1_GNATStarter,pederin|AY328023|4044-18689|+|?|PedI|AAR19304|AcGNAT|KS1|KS1
nosperin_NspA_1_KS1_GNATstarter,nosperin|GQ979609|1-15963|+|?|NspA|ADA69237||KS1|KS1
onnamide_OnnB_1_KS1_GNATstarter,onnamide|AY688304|1783-14913|+|?|OnnB|AAV97870|AcGNAT|KS1|KS1
etnangien_EtnD_1_KS1_unusualStarters_Succ,etnangien|NC_010162|3178-18618|+|?|EtnD|EtnD|Succ|KS1|KS1
9-methylstreptimidone_SmdI_1_KS1_unusualstarter_AMT,9-methylstreptimidone|FR878059|13158-32300|+|?|SmdI|CCC21123|?|KS1|KS1
cycloheximide_ChxE_1_KS1_unusualStarter_AMT,cycloheximide|JX014302|9480-30236|+|?|ChxE|AFO59866|D|KS1|KS1
sorangicin_SorA_1_KS1_unusualStarter,sorangicin|HM584908|44097-68231|+|?|SorA|ADN68476|?|KS1|KS1
dorrigocin_migrastatin_MgsE_1_KS1_unusualStarter_AMT,dorrigocin_migrastatin|GQ274953|7943-17521|+|?|MgsE|ACY01390|malonamyl?|KS1|KS1
virginiamycin_VirA_1_KS1_unusualstarter,virginiamycin|AB283030|37068-57962|-|?|VirA|BAF50727||KS1|KS1
griseoviridin_SgvE1_1_KS1_acetylStarter,griseoviridin|JX508597|64158-77825|+|?|SgvE1|AGN74892|?|KS1|KS1
mupirocin_MmpA_1_KS5_0b_D_OH,mupirocin|AF318063|20958-40526|+|?|MmpD|AAM12913|Ac|KS1|KS5
thailandamide_TaiD_1_KS1_aromaticStarter,thailandamide|CP000085|2011510-2028396|-|?|BTH_II1674|ABC34832|HPA|KS1|KS1
bryostatin_BryC_1_KS8_exoester,bryostatin|DQ889941|17900-34045|+|?|BryC|ABM63528|exoesterB|KS1|KS8
bryostatin_BryB_1_KS4_exoester,bryostatin|DQ889941|1344-17879|+|?|BryB|ABM63527|exoesterB|KS1|KS4
etnangien_EtnD_2_KS2_eDBbMe,etnangien|NC_010162|3178-18618|+|?|EtnD|EtnD|eDB|KS2|KS2
myxovirescin_TaO_1_KS8_redbethyl,myxovirescin|CP000113|4740017-4755469|-|?|TaO|ABF92489|RetB|KS1|KS8
kalimantacin_batumin_Bat3_4_KS11_redbMe,kalimantacin_batumin|GU479979|30833-46282|+|?|Bat3|ADD82941|RB|KS4|KS11
kalimantacin_batumin_Bat2_4_KS5_redbMe,kalimantacin_batumin|GU479979|6732-30773|+|?|Bat2|ADD82940|RB|KS4|KS5
kalimantacin_batumin_Bat3_3_KS10_exometh,kalimantacin_batumin|GU479979|30833-46282|+|?|Bat3|ADD82941|exometB|KS3|KS10
difficidin_DifF_1_KS1_unusualStarters_acryloyl,difficidin|AJ634062|5847-18437|+|?|DifF|CAG23977|acryloyl|KS1|KS1
?,corallopyronin|HM071004|34250-46456|-|?|CorK|ADI59533|eD|KS2|KS2b
disorazole_DszA_2_KS2_eDB,disorazole|DQ013294|15731-33766|+|?|DszA|AAY32964|ecrotonyl|KS2|KS2
?,tartrolon|CP001614|2299866-2314709|+|?|TrtE|ACR12418|?|KS1|KS4
elansolid_Cpin_ElsP_2_KS12_b_L_OH,elansolid_Cpin|CP001699|6708988-6722277|-|?|ElsP|ACU62721|H|KS2|KS12
elansolid_Csan_ElaQ_2_KS12_b_L_OH,elansolid_Csan|HQ680975|57483-70769|+|?|ElaQ|AEC04363|?|KS2|KS12
bryostatin_BryB_4_KS7_b_L_OH,bryostatin|DQ889941|1344-17879|+|?|BryB|ABM63527|lH|KS4|KS7
bryostatin_BryA_2_KS2_b_L_OH,bryostatin|DQ889941|57787-72453|+|?|BryA|ABM63537|lH|KS2|KS2
bryostatin_BryD_1_KS12_b_L_OH,bryostatin|DQ889941|47226-57656|+|?|BryD|ABM63530|lH|KS1|KS12
pederin_PedF_6_KS9_b_L_OH,pederin|AY328023|36226-62031|+|?|PedF|AAS47564|lH|KS6|KS9
diaphorin_DipT_6_KS9_b_L_OH,diaphorin|CP003468|230695-257754|+|?|DipT|AGS06887|?|KS6|KS9
luminaolid_LumC_3_KS9_b_L_OH,luminaolid|KR857272|38760-53402|-|?|?|AKQ22680|?|?|KS9
tolytoxin_TtoE_3_KS9_b_L_OH,tolytoxin|KR857271|34607-66052|+|?|?|AKQ22650|?|KS?|KS9
misakinolide_MisD_3_KS9_b_L_OH,misakinolide|KR857273|33050-60031|+|?|?|AKQ22698|lH|KS?|KS9
onnamide_OnnI_6_KS9_b_L_OH,onnamide|AY688304|21358-36513|+|?|OnnI|AAV97877|lH|KS?|KS9
phormidolide_EKU96420_PhorO_3_KS11_b_L_OH,phormidolide|ALVN01000014|339818-353110|-|?|?|EKU96420|?|KS3|KS11
rhizoxins_RhiE_2_KS13_b_L_OH,rhizoxins|AM411073|61823-74080|+|?|RhiE|CAL69893|lH|KS2|KS13
kalimantacin_batumin_Bat2_2_KS3_bOH,kalimantacin_batumin|GU479979|6732-30773|+|?|Bat2|ADD82940|H|KS2|KS3
sorangicin_SorD_2_KS14_b_L_OH,sorangicin|HM584908|88020-97325|+|?|SorD|ADN68479|lH|KS2|KS14
sorangicin_SorA_5_KS5_a_L_OHb_L_OH,sorangicin|HM584908|44097-68231|+|?|SorA|ADN68476|lH+alphalH|KS5|KS5
difficidin_DifI_2_KS8_bOH,difficidin|AJ634062|30570-46184|+|?|DifI|CAJ57409|H|KS2|KS8
thailandamide_TaiD_2_KS2_b_L_OH,thailandamide|CP000085|2011510-2028396|-|?|BTH_II1674|ABC34832|H|KS2|KS2
oocydin_Ddad_OocN_3_KS7_b_L_OH,oocydin_Ddad|CP001654|1652738-1673368|+|?|OocN|ACS85227|?|KS3|KS7
oocydin_Smar_OocN_3_KS7_b_L_OH,oocydin_Smar|JX315603|27847-47466|+|?|OocN|AFX60313|?|KS3|KS7
bongkrekic_acid_BonA_4_KS4_b_L_OH,bongkrekic_acid|JX173632|11410-35136|+|?|BonA|AFN27480|?|KS4|KS4
psymberin_PsyD_7_KS9_b_L_OH,psymberin|FJ823461|20598-58535|+|?|PsyD|ADA82585|lH|KS7|KS9
chivosazole_ChiC_6_KS9_0a_D_Meb_D_OH,chivosazole|DQ065771|22603-47856|+|?|ChiC|AAY89050|0dHdM|KS6|KS9
misakinolide_MisC_3_KS3_0bimod_b_D_OMe,misakinolide|KR857273|15190-33063|+|?|?|AKQ22699|0dH|KS?|KS3
luminaolid_LumA_3_KS3_0bimod_a_D_Meb_D_OH,luminaolid|KR857272|6257-23584|-|?|?|AKQ22682|?|?|KS3
tolytoxin_TtoC_3_KS3_0a_D_Meb_D_OH,tolytoxin|KR857271|4023-19067|+|?|?|AKQ22652|?|KS?|KS3
rhizopodin_RizB_3_KS3_0bimod_a_D_Meb_D_OH,rhizopodin|FR854394|6639-43580|+|?|RizB|CCA89326|?|KS3|KS3
rhizopodin_RizE_1_KS17_obimod_b_L_OH,rhizopodin|FR854394|73223-85105|+|?|RizE|CCA89329|?|KS1|KS17
rhizopodin_RizD_3_KS13_0bimod_b_D_OH,rhizopodin|FR854394|49812-73226|+|?|RizD|CCA89328|?|KS3|KS13
rhizopodin_RizB_7_KS7_0bimodb_D_OH,rhizopodin|FR854394|6639-43580|+|?|RizB|CCA89326|?|KS7|KS7
sorangicin_SorG_2_KS19_b_L_OH,sorangicin|HM584908|114338-122377|+|?|SorG|ADN68482|lH|KS2|KS19
tolytoxin_TtoE_6_KS12_b_D_OMe,tolytoxin|KR857271|34607-66052|+|?|?|AKQ22650|?|KS?|KS12
misakinolide_MisE_2_KS12_b_D_OMe,misakinolide|KR857273|60103-73629|+|?|?|AKQ22697|dOMe|KS?|KS12
luminaolid_LumD_2_KS12_b_D_OMe,luminaolid|KR857272|60457-73968|+|?|?|AKQ22670|?|?|KS12
etnangien_EtnG_3_KS13_b_L_OMe,etnangien|NC_010162|40987-56199|+|?|EtnG|EtnG|lOMe|KS3|KS13
oxazolomycin_OzmH_4_KS8_0eDB,oxazolomycin|EF552687|52512-56120|+|?|OzmK|ABS90472|lOME|KS1|KS8
griseoviridin_SgvE3_2_KS6_b_L_OH,griseoviridin|JX508597|84740-91246|+|?|SgvE3|AGN74894|?|KS2|KS6
virginiamycin_VirG_1_KS6_b_D_OH,virginiamycin|AB283030|26368-29991|-|?|VirG|BAF50721|dH|KS1|KS6
tartrolon_TrtF_1_KS9_b_D_OH,tartrolon|CP001614|2314751-2328742|+|?|TrtF|ACR13065|?|KS1|KS9
griseoviridin_SgvE1_2_KS2_b_D_OH,griseoviridin|JX508597|64158-77825|+|?|SgvE1|AGN74892|?|KS2|KS2
virginiamycin_VirA_2_KS2_a_L_Meb_D_OH,virginiamycin|AB283030|37068-57962|-|?|VirA|BAF50727|dHlM|KS2|KS2
macrolactin_MlnB_2_KS2_b_D_OH,macrolactin|AJ634061|2329-14589|+|?|Pks2B|CAG23964|dH|KS2|KS2
phormidolide_EKU96423_PhorL_1_KS4_aMeb_D_OH,phormidolide|ALVN01000014|356649-378134|-|?|?|EKU96423|?|KS1|KS4
myxovirescin_Ta1_4_KS4_b_L_OH,myxovirescin|CP000113|4756846-4783794|-|?|Ta1|ABF85931|H|KS4|KS4
mupirocin_MmpD_2_KS2_a_L_Meb_L_OH,mupirocin|AF318063|1706-10243|+|?|MmpA|AAM12909|dH|KS2|KS2
thailandamide_TaiL_3_KS11_b_D_OH,thailandamide|CP000085|1973189-1989889|-|?|BTH_II1666|ABC34675|H|KS3|KS11
phormidolide_EKU96423_PhorL_2_KS5_b_D_OH,phormidolide|ALVN01000014|356649-378134|-|?|?|EKU96423|?|KS2|KS5
phormidolide_EKU96423_PhorL_4_KS7_b_D_OH,phormidolide|ALVN01000014|356649-378134|-|?|?|EKU96423|?|KS4|KS7
myxovirescin_Ta1_2_KS2_b_L_OH,myxovirescin|CP000113|4756846-4783794|-|?|Ta1|ABF85931|H|KS2|KS2
rhizoxins_RhiC_3_KS8_b_D_OH,rhizoxins|AM411073|31540-47247|+|?|RhiC|CAL69890|dH|KS3|KS8
?,basiliskamides|NZ_AXBT01000013|102142-112479|-|?|P615_14880|WP_022584873|?|KS2|KS4
elansolid_Cpin_ElsP_1_KS11_a_L_Meb_D_OH,elansolid_Cpin|CP001699|6708988-6722277|-|?|ElsP|ACU62721|DM|KS1|KS11
elansolid_Csan_ElaQ_1_KS11_a_L_Meb_D_OH,elansolid_Csan|HQ680975|57483-70769|+|?|ElaQ|AEC04363|?|KS1|KS11
etnangien_EtnI_2_KS18_a_L_Meb_D_OH,etnangien|NC_010162|66952-84873|+|?|EtnI|EtnI|dHlM|KS2|KS18
etnangien_EtnI_3_KS19_a_L_Meb_D_OH,etnangien|NC_010162|66952-84873|+|?|EtnI|EtnI|dHlM|KS3|KS19
kalimantacin_batumin_Bat2_3_KS4_bOH,kalimantacin_batumin|GU479979|6732-30773|+|?|Bat2|ADD82940|H|KS3|KS4
etnangien_EtnF_2_KS9_b_D_OH,etnangien|NC_010162|30104-40990|+|?|EtnF|EtnF|dH|KS2|KS9
etnangien_EtnD_3_KS3_b_D_OH,etnangien|NC_010162|3178-18618|+|?|EtnD|EtnD|dH|KS3|KS3
difficidin_DifG_1_KS4_OH,difficidin|AJ634062|18456-24752|+|?|DifG|CAG23978|H|KS1|KS4
diaphorin_DipP_2_KS2_a_L_Meb_D_OH,diaphorin|CP003468|134072-149572|-|?|DipP|AGS06823|?|KS2|KS2
pederin_PedI_2_KS2_a_L_Meb_D_OH,pederin|AY328023|4044-18689|+|?|PedI|AAR19304|dHlM|KS2|KS2
onnamide_OnnB_2_KS2_a_L_Me_D_OH,onnamide|AY688304|1783-14913|+|?|OnnB|AAV97870|dHlM|KS2|KS2
nosperin_NspA_2_KS2_a_L_Meb_D_OH,nosperin|GQ979609|1-15963|+|?|NspA|ADA69237||KS2|KS2
bryostatin_BryD_2_KS13_0b_D_OH,bryostatin|DQ889941|47226-57656|+|?|BryD|ABM63530|0dH|KS2|KS13
bryostatin_BryA_KS3_3_b_D_OH,bryostatin|DQ889941|57787-72453|+|?|BryA|ABM63537|dH|KS3|KS3
misakinolide_MisE_3_KS13_b_D_OH,misakinolide|KR857273|60103-73629|+|?|?|AKQ22697|dH|KS?|KS13
tolytoxin_TtoE_7_KS13_b_D_OH,tolytoxin|KR857271|34607-66052|+|?|?|AKQ22650|?|KS?|KS13
luminaolid_LumD_3_KS13_b_D_OH,luminaolid|KR857272|60457-73968|+|?|?|AKQ22670|?|?|KS13
misakinolide_MisF_3_KS17_b_D_OH,misakinolide|KR857273|73623-97673|+|?|?|AKQ22696|dH|KS?|KS17
tolytoxin_TtoF_3_KS17_b_D_OH,tolytoxin|KR857271|66122-90442|+|?|?|AKQ22649|?|KS?|KS17
luminaolid_LumE_3_KS17_b_D_OH,luminaolid|KR857272|74003-91126|+|?|?|AKQ22669|?|?|KS17
psymberin_PsyD_3_KS5_b_D_OH,psymberin|FJ823461|20598-58535|+|?|PsyD|ADA82585|dH|KS3|KS5
onnamide_OnnI_3_KS6_b_D_OH,onnamide|AY688304|21358-36513|+|?|OnnI|AAV97877|dH|KS3|KS6
diaphorin_DipT_3_KS6_b_D_OH,diaphorin|CP003468|230695-257754|+|?|DipT|AGS06887|?|KS3|KS6
pederin_PedF_3_KS6_b_D_OH,pederin|AY328023|36226-62031|+|?|PedF|AAS47564|dH|KS3|KS6
thailanstatin_TstGH_2_KS9_b_D_OH,thailanstatin|JX307851|46637-61204|+|?|TstGH|AGN11882|?|KS2|KS9
dorrigocin_migrastatin_MgsF_1_KS4_b_D_OH_eDB,dorrigocin_migrastatin|GQ274953|17568-41648|+|?|MgsF|ACY01391|betacyclic|KS1|KS4
cycloheximide_ChxE_4_KS4_b_D_OH,cycloheximide|JX014302|9480-30236|+|?|ChxE|AFO59866|H|KS4|KS4
9-methylstreptimidone_SmdI_4_KS4_eDB,9-methylstreptimidone|FR878059|13158-32300|+|?|SmdI|CCC21123|?|KS4|KS4
chivosazole_ChiC_5_KS8_b_L_OH,chivosazole|DQ065771|22603-47856|+|?|ChiC|AAY89050|lH|KS5|KS8
kirromycin_KirAIV_4_KS10_b_L_OH,kirromycin|AM746336|48825-68021|+|?|KirAIV|CAN89634|lH|KS4|KS10
?,misakinolide|KR857273|15190-33063|+|?|?|AKQ22699|?|KS?|KS2
macrolactin_MlnD_2_KS6_b_D_OH,macrolactin|AJ634061|19379-28117|+|?|Pks2D|CAG23966|lH|KS2|KS6
legioliulin_LglD_3_KS3_bketo,legioliulin|NZ_CM001371|438115-452475|-|?|LglD|WP_010652552|?|KS3|KS3
oocydin_Smar_OocJ_2_KS2_exometh,oocydin_Smar|JX315603|7252-18210|+|?|OocJ|AFX60309|?|KS2|KS2
oocydin_Ddad_OocJ_2_KS2_exometh,oocydin_Ddad|CP001654|1631306-1642741|+|?|OocJ|ACS85223|?|KS2|KS2
onnamide_OnnB_3_KS3_exometh,onnamide|AY688304|1783-14913|+|?|OnnB|AAV97870|exometB|KS3|KS3
nosperin_NspA_3_KS3_exometh,nosperin|GQ979609|1-15963|+|?|NspA|ADA69237||KS3|KS3
pederin_PedI_3_KS3_exometh,pederin|AY328023|4044-18689|+|?|PedI|AAR19304|exometB|KS3|KS3
diaphorin_DipP_3_KS3_exometh,diaphorin|CP003468|134072-149572|-|?|DipP|AGS06823|?|KS3|KS3
phormidolide_EKU96419_PhorP_1_KS13_redbMe,phormidolide|ALVN01000014|326750-339679|-|?|?|EKU96419|?|KS1|KS13
phormidolide_EKU96424_PhorK_2_KS2_exometh,phormidolide|ALVN01000014|378160-393333|-|?|?|EKU96424|?|KS2|KS2
psymberin_PsyA_2_KS2_exometh,psymberin|FJ823461|4482-14375|+|?|PsyA|ADA82581|exometB|KS2|KS2
FR901464_Fr9H_3_KS9_b_D_OH,FR901464|HM047288|62806-70794|+|?|Fr9H|ADH01489|?|KS2|KS9
thailanstatin_TstGH_3_KS10_exometh,thailanstatin|JX307851|46637-61204|+|?|TstGH|AGN11882|?|KS3|KS10
macrolactin_MlnG_1_KS11_bimod_bOH,macrolactin|AJ634061|40846-48228|+|?|Pks2G|CAG23969|H_D|KS2|KS11
macrolactin_MlnE_2_KS8_bimod_bOH,macrolactin|AJ634061|28110-35114|+|?|Pks2E|CAG23967|H_D|KS2|KS8
chivosazole_ChiF_2_KS16_bimod_bOH,chivosazole|DQ065771|76341-93941|+|?|ChiF|AAY89053|H_D|KS2|KS16
chivosazole_ChiD_3_KS12_bimod_bOH,chivosazole|DQ065771|47872-61797|+|?|ChiD|AAY89051|H_D|KS3|KS12
chivosazole_ChiC_2_KS5_bimod_bOH,chivosazole|DQ065771|22603-47856|+|?|ChiC|AAY89050|H_D|KS2|KS5
leinamycin_LnmI_3_KS3_zDB,leinamycin|AF484556|69681-82994|+|?|LnmI|AAN85522|zD|KS3|KS3
tartrolon_TrtD_KS3_3_bimod_bOH,tartrolon|CP001614|2286203-2299822|+|?|TrtD|ACR13997|?|KS3|KS3
kirromycin_KirAI_2_KS2_zcrotonyl,kirromycin|AM746336|25016-30997|+|?|KirAI|CAN89631|zcrotonyl|KS2|KS2
luminaolid_LumA_1_KS1_AAgly,luminaolid|KR857272|6257-23584|-|?|?|AKQ22682|?|?|KS1
tolytoxin_TtoC_1_KS1_AAgly,tolytoxin|KR857271|4023-19067|+|?|?|AKQ22652|?|KS?|KS1
rhizopodin_RizB_1_KS1_AAgly,rhizopodin|FR854394|6639-43580|+|?|RizB|CCA89326|?|KS1|KS1
corallopyronin_CorI_2_KS2_AAGly,corallopyronin|HM071004|57906-69557|-|?|CorI|ADI59531|AGly|KS2|KS2
oxazolomycin_OzmN_1_KS2_AAoxa,oxazolomycin|EF552687|20505-43718|+|?|OzmH|ABS90470|K|KS2|KS2
thailandamide_TaiE_1_KS5_AAala,thailandamide|CP000085|1999941-2011718|-|?|BTH_II1673|ABC35522|Aala|KS1|KS5
?,seudotrienic_acid|AKJU01000004|15329-29989|-|?|?|EJM18770|?|KS1|KS4
myxovirescin_TaP_1_KS1_reda_D_Me,myxovirescin|CP000113|4756846-4783794|-|?|Ta1|ABF85931|Agly|KS1|KS1
thailanstatin_TstDEF_1_KS4_AAthr,thailanstatin|JX307851|22470-46580|+|?|TstDEF|AGN11881|?|KS1|KS4
FR901464_Fr9D_1_KS4_AAthr,FR901464|HM047288|29945-35257|+|?|Fr9D|ADH01485|?|KS1|KS4
nosperin_NspC_5_KS5_aMebOH,nosperin|GQ979609|17094-41852|+|?|NspC|ADA69239||KS2|KS5
psymberin_PsyD_2_KS4_AAgly,psymberin|FJ823461|20598-58535|+|?|PsyD|ADA82585|Agly|KS2|KS4
onnamide_OnnI_2_KS5_AAgly,onnamide|AY688304|21358-36513|+|?|OnnI|AAV97877|Agly|KS2|KS5
pederin_PedF_2_KS5_AAgly,pederin|AY328023|36226-62031|+|?|PedF|AAS47564|Agly|KS2|KS5
diaphorin_DipT_2_KS5_AAgly,diaphorin|CP003468|230695-257754|+|?|DipT|AGS06887|?|KS2|KS5
kalimantacin_batumin_Bat2_1_KS2_AAGly,kalimantacin_batumin|GU479979|6732-30773|+|?|Bat2|ADD82940|AGly|KS1|KS2
bacillaene_Bamy_BaeJ_1_KS1_Agly,bacillaene_Bamy|AJ634060|8427-23375|+|?|BaeJ|CAG23957|Agly|KS1|KS1
bacillaene_Bsub_PksJ_1_KS1_AAgly,bacillaene_Bsub|AL009126|1792806-1807937|+|?|PksJ|CAB13589|?|KS1|KS1
bacillaene_Bsub_PksN_1_KS11_AAala,bacillaene_Bsub|AL009126|1834409-1850875|+|?|PksN|CAB13604|?|KS1|KS11
bacillaene_Bamy_BaeN_1_KS10_AAala,bacillaene_Bamy|AJ634060|47347-63648|+|?|BaeN|CAG23960|Aala|KS1|KS10
oxazolomycin_OzmK_1_KS12_a_L_OMe,oxazolomycin|EF552687|85129-87657|+|?|OzmQ|ABS90478|Agly|KS1|KS12
oxazolomycin_OzmH_5_KS9_eDB,oxazolomycin|EF552687|65423-80338|+|?|OzmN|ABS90475|Aser|KS1|KS9
?,mupirocin|AF318063|63348-65585|+|?|MmpF|AAM12934|?|KS1|?
?,malleilactone_burkholderic_acid|NC_007650|2545193-2553571|+|?|BurA|WP_011401503|?|KS1|KS1b
virginiamycin_VirA_3_KS3_AAgly,virginiamycin|AB283030|37068-57962|-|?|VirA|BAF50727|Agly|KS3|KS3
griseoviridin_SgvE2_1_KS3_AAgly,griseoviridin|JX508597|77828-84568|+|?|SgvE2|AGN74893|?|KS1|KS3
legioliulin_LglD_2_KS2_eDB,legioliulin|NZ_CM001371|438115-452475|-|?|LglD|WP_010652552|?|KS2|KS2
macrolactin_MlnF_1_KS9_zD_zDB,macrolactin|AJ634061|35129-40849|+|?|Pks2F|CAG23968|zD|KS1|KS9
macrolactin_MlnC_1_KS4_eDB,macrolactin|AJ634061|14589-19361|+|?|Pks2C|CAG23965|eD|KS1|KS4
luminaolid_LumB_2_KS5_bketo,luminaolid|KR857272|23669-38767|-|?|?|AKQ22681|?|?|KS5
tolytoxin_TtoD_2_KS5_bketo,tolytoxin|KR857271|19089-34430|+|?|?|AKQ22651|?|KS?|KS5
macrolactin_MlnD_1_KS5_eDB,macrolactin|AJ634061|19379-28117|+|?|Pks2D|CAG23966|eD|KS1|KS5
macrolactin_MlnE_1_KS7_b_D_OH,macrolactin|AJ634061|28110-35114|+|?|Pks2E|CAG23967|dH|KS1|KS7
?,macrolactin|AJ634061|40846-48228|+|?|Pks2G|CAG23969|dH|KS1|KS10
elansolid_Csan_ElaP_1_KS8_eDB,elansolid_Csan|HQ680975|43662-57434|+|?|ElaP|AEC04362|?|KS1|KS8
elansolid_Cpin_ElsO_1_KS8_eDB,elansolid_Cpin|CP001699|6722326-6736092|-|?|ElsO|ACU62722|D|KS1|KS8
difficidin_DifJ_1_KS11_zDB_zDB,difficidin|AJ634062|46189-53907|+|?|DifJ|CAJ57410|zD|KS1|KS11
chivosazole_ChiF_3_KS17_eDB_zDB,chivosazole|DQ065771|76341-93941|+|?|ChiF|AAY89053|eD|KS3|KS17
chivosazole_ChiC_3_KS6_eDB_zDB,chivosazole|DQ065771|22603-47856|+|?|ChiC|AAY89050|eD|KS3|KS6
chivosazole_ChiE_1_KS13_zDB_eDB,chivosazole|DQ065771|61825-76344|+|?|ChiE|AAY89052|zD|KS1|KS13
disorazole_DszB_3_KS7_eDB,disorazole|DQ013294|33783-52553|+|?|DszB|AAY32965|eD|KS3|KS7
kirromycin_KirAIV_2_KS8_aMeeDB,kirromycin|AM746336|48825-68021|+|?|KirAIV|CAN89634|eDM|KS2|KS8
kirromycin_KirAIV_1_KS7_eDB,kirromycin|AM746336|48825-68021|+|?|KirAIV|CAN89634|eD|KS1|KS7
?,oxazolomycin|EF552687|65423-80338|+|?|OzmN|ABS90475|eD|KS2|KS10
lankacidin_LkcF_1_KS3_b_D_OH,lankacidin|NC_004808|15266-22306|-|?|LkcF|NP_851435|eD|KS1|KS3
kirromycin_KirAV_1_KS12_eDB,kirromycin|AM746336|68042-74902|+|?|KirAV|CAN89635|eD|KS1|KS12
kirromycin_KirAII_1_KS3_eDB,kirromycin|AM746336|31022-44176|+|?|KirAII|CAN89632|eD|KS1|KS3
griseoviridin_SgvE2_2_KS4_eDB,griseoviridin|JX508597|77828-84568|+|?|SgvE2|AGN74893|?|KS2|KS4
virginiamycin_VirA_4_KS4_eDB,virginiamycin|AB283030|37068-57962|-|?|VirA|BAF50727|eD|KS4|KS4
leinamycin_LnmJ_1_KS4_eDB,leinamycin|AF484556|82991-105040|+|?|LnmJ|AAN85523|eD|KS1|KS4
oxazolomycin_OzmN_2_KS3_eDB,oxazolomycin|EF552687|20505-43718|+|?|OzmH|ABS90470|eD|KS3|KS3
rhizopodin_RizD_6_KS16_eDB,rhizopodin|FR854394|49812-73226|+|?|RizD|CCA89328|?|KS6|KS16
rhizoxins_RhiE_3_KS14_0eDB,rhizoxins|AM411073|61823-74080|+|?|RhiE|CAL69893|D|KS3|KS14
dorrigocin_migrastatin_MgsE_2_KS2_0zDB,dorrigocin_migrastatin|GQ274953|7943-17521|+|?|MgsE|ACY01390|D|KS2|KS2
9-methylstreptimidone_SmdI_2_KS2_ozDB,9-methylstreptimidone|FR878059|13158-32300|+|?|SmdI|CCC21123|?|KS2|KS2
cycloheximide_ChxE_2_KS2_0zDB,cycloheximide|JX014302|9480-30236|+|?|ChxE|AFO59866|D|KS2|KS2
oxazolomycin_OzmH_1_KS5_aMezDB,oxazolomycin|EF552687|20505-43718|+|?|OzmH|ABS90470|eD|KS5|KS5
thailandamide_TaiL_1_KS9_eDB,thailandamide|CP000085|1973189-1989889|-|?|BTH_II1666|ABC34675|eD|KS1|KS9
kalimantacin_batumin_Bat3_1_KS8_eDB,kalimantacin_batumin|GU479979|30833-46282|+|?|Bat3|ADD82941|zD|KS1|KS8
difficidin_DifH_1_KS6_zDB,difficidin|AJ634062|24765-30518|+|?|DifH|CAJ57408|zD|KS1|KS6
bacillaene_Bsub_PksM_1_KS8_zDB,bacillaene_Bsub|AL009126|1821553-1834341|+|?|PksM|CAB13603|?|KS1|KS8
bacillaene_Bamy_BaeM_1_KS8_zDB,bacillaene_Bamy|AJ634060|36822-47357|+|?|BaeM|CAG23959|zD|KS1|KS8
bacillaene_Bsub_PksL_1_KS4_zD,bacillaene_Bsub|AL009126|1807921-1821537|+|?|PksL|CAB13602|?|KS1|KS4
bacillaene_Bamy_BaeL_1_KS4_zD,bacillaene_Bamy|AJ634060|23377-36804|+|?|BaeL|CAG23958|zD|KS1|KS4
oocydin_Ddad_OocS_2_KS14_aMezDB,oocydin_Ddad|CP001654|1682511-1699349|+|?|OocS|ACS85232|?|KS2|KS14
oocydin_Smar_OocS_2_KS14_aMezDB,oocydin_Smar|JX315603|56236-72084|+|?|OocS|AFX60318|?|KS2|KS14
tolytoxin_TtoF_1_KS15_zDB,tolytoxin|KR857271|66122-90442|+|?|?|AKQ22649|?|KS?|KS15
luminaolid_LumE_1_KS15_zDB,luminaolid|KR857272|74003-91126|+|?|?|AKQ22669|?|?|KS15
misakinolide_MisF_1_KS15_zDB,misakinolide|KR857273|73623-97673|+|?|?|AKQ22696|zD|KS?|KS15
etnangien_EtnH_2_KS16_eDB,etnangien|NC_010162|56196-66932|+|?|EtnH|EtnH|eD|KS2|KS16
thailanstatin_TstGH_1_KS8_eDB,thailanstatin|JX307851|46637-61204|+|?|TstGH|AGN11882|?|KS1|KS8
FR901464_Fr9G_1_KS8_eDB,FR901464|HM047288|53637-62690|+|?|Fr9G|ADH01488|?|KS1|KS8
onnamide_OnnJ_2_KS12_bimod_eDB,onnamide|AY688304|36519-40000|+|?|OnnJ|ETX03789|eD|KS2|KS12
pederin_PedH_3_KS12_bimod_bOH,pederin|AY328023|63384-82184|+|?|PedH|AAS47562|D|KS3|KS12
phormidolide_EKU96419_PhorP_2_KS14_b_D_OH,phormidolide|ALVN01000014|326750-339679|-|?|?|EKU96419|?|KS2|KS14
bryostatin_BryX_2_KS15_0,bryostatin|DQ889941|34048-47229|+|?|BryX|ABM63529|0|KS2|KS15
bryostatin_BryB_3_KS6_eDB,bryostatin|DQ889941|1344-17879|+|?|BryB|ABM63527|eD|KS3|KS6
rhizoxins_RhiB_4_KS5_eDB,rhizoxins|AM411073|11310-31478|+|?|RhiB|CAL69889|eD|KS4|KS5
difficidin_DifK_1_KS13_eDB,difficidin|AJ634062|53930-60082|+|?|DifK|CAJ57411|eD|KS1|KS13
thailandamide_TaiD_3_KS3_eDB,thailandamide|CP000085|2011510-2028396|-|?|BTH_II1674|ABC34832|eD|KS3|KS3
mupirocin_MmpA_3_KS7_b_D_OH,mupirocin|AF318063|20958-40526|+|?|MmpD|AAM12913|eD|KS3|KS7
dorrigocin_migrastatin_MgsF_3_KS6_aMeeDB,dorrigocin_migrastatin|GQ274953|17568-41648|+|?|MgsF|ACY01391|KdM|KS3|KS6
thailandamide_TaiM_2_KS14_eDB,thailandamide|CP000085|1960098-1974047|-|?|BTH_II1665|ABC33986|eD|KS2|KS14
myxovirescin_Ta1_7_KS7_eDB,myxovirescin|CP000113|4756846-4783794|-|?|Ta1|ABF85931|eD|KS7|KS7
thailandamide_TaiL_4_KS12_eDB,thailandamide|CP000085|1973189-1989889|-|?|BTH_II1666|ABC34675|eD|KS4|KS12
mupirocin_MmpD_4_KS4_a_D_Me,mupirocin|AF318063|11325-17555|+|?|MmpB|AAM12911||KS1|KS4
mupirocin_MmpD_3_KS3_eDB,mupirocin|AF318063|1706-10243|+|?|MmpA|AAM12909|dH|KS3|KS3
?,seudotrienic_acid|AKJU01000004|30085-40821|-|?|?|EJM18771|?|KS1|KS1
?,thailandamide|CP000085|1999941-2011718|-|?|BTH_II1673|ABC35522|eD|KS2|KS6
bongkrekic_acid_BonA_5_KS5_DB,bongkrekic_acid|JX173632|11410-35136|+|?|BonA|AFN27480|?|KS5|KS5
bongkrekic_acid_BonC_1_KS9_eDB,bongkrekic_acid|JX173632|45853-50970|+|?|BonC|AFN27482|?|KS1|KS9
bongkrekic_acid_BonB_1_KS7_DB,bongkrekic_acid|JX173632|35078-45826|+|?|BonB|AFN27481|?|KS1|KS7
bongkrekic_acid_BonD_2_KS11_eDB,bongkrekic_acid|JX173632|51038-63328|+|?|BonD|AFN27483|?|KS2|KS11
sorangicin_SorB_3_KS10_eDB,sorangicin|HM584908|68228-83098|+|?|SorB|ADN68477|eD|KS3|KS10
sorangicin_SorH_2_KS21_eDB,sorangicin|HM584908|121857-133514|+|?|SorH|ADN68483|eD|KS2|KS21
sorangicin_SorE_3_KS17_eDB,sorangicin|HM584908|97325-112942|+|?|SorE|ADN68480|eD|KS3|KS17
kalimantacin_batumin_Bat2_5_KS6_eD,kalimantacin_batumin|GU479979|6732-30773|+|?|Bat2|ADD82940|eD|KS5|KS6
sorangicin_SorI_1_KS23_zDB,sorangicin|HM584908|133608-141434|+|?|SorI|ADN68484|zD|KS1|KS23
etnangien_EtnD_4_KS4_eDB,etnangien|NC_010162|3178-18618|+|?|EtnD|EtnD|eD|KS4|KS4
etnangien_EtnE_2_KS6_eDB,etnangien|NC_010162|18615-30101|+|?|EtnE|EtnE|eD|KS2|KS6
etnangien_EtnE_1_KS5_eDB,etnangien|NC_010162|18615-30101|+|?|EtnE|EtnE|eD|KS1|KS5
?,seudotrienic_acid|AKJU01000004|5752-15336|-|?|?|EJM18769|?|KS1|KS7
elansolid_Cpin_ElsO_3_KS10_zDB,elansolid_Cpin|CP001699|6722326-6736092|-|?|ElsO|ACU62722|?|KS3|KS10
elansolid_Csan_ElaP_3_KS10_zDB,elansolid_Csan|HQ680975|43662-57434|+|?|ElaP|AEC04362|?|KS3|KS10
elansolid_Cpin_ElsJ_3_KS5_eDB,elansolid_Cpin|CP001699|6744019-6761427|-|?|ElsJ|ACU62727|D|KS3|KS5
elansolid_Csan_ElaK_3_KS5_eDB,elansolid_Csan|HQ680975|18337-35742|+|?|ElaK|AEC04357|?|KS3|KS5
bacillaene_Bsub_PksL_2_KS5_eD,bacillaene_Bsub|AL009126|1807921-1821537|+|?|PksL|CAB13602|?|KS2|KS5
bacillaene_Bamy_BaeL_2_KS5_eD,bacillaene_Bamy|AJ634060|23377-36804|+|?|BaeL|CAG23958|eD|KS2|KS5
rhizoxins_RhiB_2_KS3_AAoxa,rhizoxins|AM411073|11310-31478|+|?|RhiB|CAL69889|OXZ|KS2|KS3
leinamycin_LnmI_2_KS2_AAoxz,leinamycin|AF484556|69681-82994|+|?|LnmI|AAN85522|OXZ|KS2|KS2
chivosazole_ChiD_2_KS11_AAoxz,chivosazole|DQ065771|47872-61797|+|?|ChiD|AAY89051|OXZ|KS2|KS11
rhizopodin_RizD_2_KS12_AAoxa,rhizopodin|FR854394|49812-73226|+|?|RizD|CCA89328|?|KS2|KS12
psymberin_PsyD_5_KS7_pyran,psymberin|FJ823461|20598-58535|+|?|PsyD|ADA82585|PY|KS5|KS7
?,thailanstatin|JX307851|22470-46580|+|?|TstDEF|AGN11881|?|KS3|KS6
?,FR901464|HM047288|38867-53581|+|?|Fr9F|ADH01487|?|KS2|KS6
bryostatin_BryC_2_KS9_pyran,bryostatin|DQ889941|17900-34045|+|?|BryC|ABM63528|PY|KS2|KS9
oocydin_Smar_OocN_4_KS8_furan,oocydin_Smar|JX315603|27847-47466|+|?|OocN|AFX60313|?|KS4|KS8
oocydin_Ddad_OocN_4_KS8_furan,oocydin_Ddad|CP001654|1652738-1673368|+|?|OocN|ACS85227|?|KS4|KS8
sorangicin_SorH_1_KS20_pyrane,sorangicin|HM584908|121857-133514|+|?|SorH|ADN68483|lPY|KS1|KS20
sorangicin_SorB_2_KS9_pyran,sorangicin|HM584908|68228-83098|+|?|SorB|ADN68477|lPY|KS2|KS9
sorangicin_SorE_2_KS16_pyran,sorangicin|HM584908|97325-112942|+|?|SorE|ADN68480|lPY|KS2|KS16
phormidolide_EKU96420_PhorO_4_KS12_furan,phormidolide|ALVN01000014|339818-353110|-|?|?|EKU96420|?|KS4|KS12
misakinolide_MisF_2_KS16_pyran,misakinolide|KR857273|73623-97673|+|?|?|AKQ22696|PY|KS?|KS16
luminaolid_LumE_2_KS16_pyran,luminaolid|KR857272|74003-91126|+|?|?|AKQ22669|?|?|KS16
tolytoxin_TtoF_2_KS16_pyran,tolytoxin|KR857271|66122-90442|+|?|?|AKQ22649|?|KS?|KS16
onnamide_OnnI_5_KS8_pyran,onnamide|AY688304|21358-36513|+|?|OnnI|AAV97877|PY|KS?|KS8
pederin_PedF_5_KS8_pyran,pederin|AY328023|36226-62031|+|?|PedF|AAS47564|PY|KS5|KS8
diaphorin_DipT_5_KS8_pyran,diaphorin|CP003468|230695-257754|+|?|DipT|AGS06887|?|KS5|KS8
phormidolide_EKU96420_PhorO_2_KS10_0aOHaMeb_D_OH,phormidolide|ALVN01000014|339818-353110|-|?|?|EKU96420|?|KS2|KS10
oocydin_Ddad_OocN_2_KS6_a_D_OHb_L_OH,oocydin_Ddad|CP001654|1652738-1673368|+|?|OocN|ACS85227|?|KS2|KS6
oocydin_Smar_OocN_2_KS6_a_D_OHb_L_OH,oocydin_Smar|JX315603|27847-47466|+|?|OocN|AFX60313|?|KS2|KS6
misakinolide_MisC_4_KS4_bOMe,misakinolide|KR857273|15190-33063|+|?|?|AKQ22699|dOMe|KS?|KS4
tolytoxin_TtoD_1_KS4_a_D_Meb_D_OMe,tolytoxin|KR857271|19089-34430|+|?|?|AKQ22651|?|KS?|KS4
luminaolid_LumB_1_KS4_a_D_Meb_D_OMe,luminaolid|KR857272|6257-23584|-|?|?|AKQ22682|?|?|KS4
rhizopodin_RizB_4_KS4_a_D_Meb_D_OMe,rhizopodin|FR854394|6639-43580|+|?|RizB|CCA89326|?|KS4|KS4
rhizopodin_RizB_8_KS8_b_D_OMe,rhizopodin|FR854394|6639-43580|+|?|RizB|CCA89326|?|KS8|KS8
rhizopodin_RizE_2_KS18_b_L_OMe,rhizopodin|FR854394|73223-85105|+|?|RizE|CCA89329|?|KS2|KS18
rhizopodin_RizD_4_KS14_b_D_OMe,rhizopodin|FR854394|49812-73226|+|?|RizD|CCA89328|?|KS4|KS14
?,corallopyronin|HM071004|19308-34253|-|?|CorL|ADI59534|?|KS3|KS6b
virginiamycin_VirF_1_KS5_bMeeDB,virginiamycin|AB283030|29985-32228|-|?|VirF|BAF50722|?|KS1|KS5
griseoviridin_SgvE3_1_KS5_eDB,griseoviridin|JX508597|84740-91246|+|?|SgvE3|AGN74894|?|KS1|KS5
dorrigocin_migrastatin_MgsE_3_KS3_vinylogous,dorrigocin_migrastatin|GQ274953|7943-17521|+|?|MgsE|ACY01390|D?|KS3|KS3
9-methylstreptimidone_SmdI_3_KS3_vinylogous,9-methylstreptimidone|FR878059|13158-32300|+|?|SmdI|CCC21123|?|KS3|KS3
cycloheximide_ChxE_3_KS3_vinylogous,cycloheximide|JX014302|9480-30236|+|?|ChxE|AFO59866|mchB|KS3|KS3
rhizoxins_RhiF_1_KS15_vinylogous,rhizoxins|AM411073|74139-81989|+|?|RhiF|CAL69894|mchB|KS1|KS15
myxovirescin_Ta1_6_KS6_eDBbMe,myxovirescin|CP000113|4756846-4783794|-|?|Ta1|ABF85931|eDB|KS6|KS6
thailandamide_TaiK_1_KS7_bMeDB,thailandamide|CP000085|1989915-1995620|-|?|BTH_II1667|ABC34176|eDB|KS1|KS7
bongkrekic_acid_BonA_2_KS2_bMeDB,bongkrekic_acid|JX173632|11410-35136|+|?|BonA|AFN27480|?|KS2|KS2
sorangicin_SorA_6_KS6_zDB,sorangicin|HM584908|44097-68231|+|?|SorA|ADN68476|zD|KS6|KS6
elansolid_Csan_ElaO_1_KS6_bMeDB,elansolid_Csan|HQ680975|38576-43660|+|?|ElaO|AEC04361|?|KS1|KS6
elansolid_Cpin_ElsN_1_KS6_bMeDB,elansolid_Cpin|CP001699|6736094-6741184|-|?|ElsN|ACU62723|B|KS1|KS6
bacillaene_Bamy_BaeL_3_KS6_bMeeDB,bacillaene_Bamy|AJ634060|23377-36804|+|?|BaeL|CAG23958|eDB|KS3|KS6
bacillaene_Bsub_PksL_3_KS6_bMeeDB,bacillaene_Bsub|AL009126|1807921-1821537|+|?|PksL|CAB13602|?|KS3|KS6
phormidolide_EKU96423PhorL_5_KS8_eDBbMe,phormidolide|ALVN01000014|356649-378134|-|?|?|EKU96423|?|KS5|KS8
oocydin_Ddad_OocL_2_KS4_eDBbMe,oocydin_Ddad|CP001654|1644110-1651615|+|?|OocL|ACS85225|?|KS2|KS4
oocydin_Smar_OocL_2_KS4_eDBbMe,oocydin_Smar|JX315603|19591-26703|+|?|OocL|AFX60311|?|KS2|KS4
thailandamide_TaiM_1_KS13_bMeeDB,thailandamide|CP000085|1960098-1974047|-|?|BTH_II1665|ABC33986|eDB|KS1|KS13
?,etnangien|NC_010162|18615-30101|+|?|EtnE|EtnE|eDB|KS3|KS7
legioliulin_LglD_4_KS4_bketo,legioliulin|NZ_CM001371|438115-452475|-|?|LglD|WP_010652552|?|KS4|KS4
psymberin_PsyD_8_KS10_aMebketo,psymberin|FJ823461|20598-58535|+|?|PsyD|ADA82585|KM|KS8|KS10
thailandamide_TaiL_2_KS10_bketo,thailandamide|CP000085|1973189-1989889|-|?|BTH_II1666|ABC34675|eD|KS2|KS10
disorazole_DszB_2_KS6_zDB,disorazole|DQ013294|33783-52553|+|?|DszB|AAY32965|zD|KS2|KS6
oxazolomycin_OzmJ_2_KS11_0a_L_OMebketo,oxazolomycin|EF552687|65423-80338|+|?|OzmN|ABS90475|zD|KS3|KS11
disorazole_DszB_1_KS5_zDB,disorazole|DQ013294|33783-52553|+|?|DszB|AAY32965|zD|KS1|KS5
malleilactone_burkholderic_acid_BurF_2_KS2_aMeeDB,malleilactone_burkholderic_acid|NC_007650|2558633-2570779|+|?|BurF|WP_009894051|?|KS2|KS2
thailandamide_TaiM_3_KS15_aMeeDB,thailandamide|CP000085|1960098-1974047|-|?|BTH_II1665|ABC33986|eDM|KS3|KS15
elansolid_Cpin_ElsI_2_KS2_eDB,elansolid_Cpin|CP001699|6761446-6769629|-|?|ElsI|ACU62728|D|KS2|KS2
elansolid_Csan_ElaJ_2_KS2_eDB,elansolid_Csan|HQ680975|10135-18318|+|?|ElaJ|AEC04356|?|KS2|KS2
?,seudotrienic_acid|AKJU01000004|30085-40821|-|?|?|EJM18771|?|KS2|KS2
?,seudotrienic_acid|AKJU01000004|5752-15336|-|?|?|EJM18769|?|KS2|KS8
elansolid_Cpin_ElsP_3_KS13_aMeDB,elansolid_Cpin|CP001699|6708988-6722277|-|?|ElsP|ACU62721|DM|KS3|KS13
elansolid_Csan_ElaQ_3_KS13_aMeDB,elansolid_Csan|HQ680975|57483-70769|+|?|ElaQ|AEC04363|?|KS3|KS13
difficidin_DifF_2_KS2_aMeeDB,difficidin|AJ634062|5847-18437|+|?|DifF|CAG23977|eDM|KS2|KS2
rhizoxins_RhiB_3_KS4_aMeeDB,rhizoxins|AM411073|11310-31478|+|?|RhiB|CAL69889|eDM|KS3|KS4
misakinolide_MisF_4_KS18_aMeeDB,misakinolide|KR857273|73623-97673|+|?|?|AKQ22696|eDM|KS?|KS18
tolytoxin_TtoF_4_KS18_aMeeDB,tolytoxin|KR857271|66122-90442|+|?|?|AKQ22649|?|KS?|KS18
bacillaene_Bsub_PksM_2_KS9_zDBaMe,bacillaene_Bsub|AL009126|1821553-1834341|+|?|PksM|CAB13603|?|KS2|KS9
bacillaene_Bamy_BaeM_2_KS9_zDBaMe,bacillaene_Bamy|AJ634060|36822-47357|+|?|BaeM|CAG23959|zDM|KS2|KS9
difficidin_DifI_1_KS7_aMezDB,difficidin|AJ634062|30570-46184|+|?|DifI|CAJ57409|zDM|KS1|KS7
sorangicin_SorA_4_KS4_aMeeDB,sorangicin|HM584908|44097-68231|+|?|SorA|ADN68476|eDM|KS4|KS4
sorangicin_SorC_1_KS12_eDB,sorangicin|HM584908|83100-88016|+|?|SorC|ADN68478|eD|KS1|KS12
FR901464_Fr9F_4_KS7_aMeeDB,FR901464|HM047288|38867-53581|+|?|Fr9F|ADH01487|?|KS3|KS7
thailanstatin_TstDEF_4_KS7_aMeeDB,thailanstatin|JX307851|22470-46580|+|?|TstDEF|AGN11881|?|KS4|KS7
albicidin_AlbI_2_KS2_aMeeDB,albicidin|AJ586576|30166-50805|+|?|AlbI|CAE52339|HM|KS2|KS2
?,rhizoxins|AM411073|31540-47247|+|?|RhiC|CAL69890|eDM|KS1|KS6
lankacidin_LkcC_1_KS2_aMeeDB,lankacidin|NC_004808|24568-30156|-|?|LkcC|NP_851438|eDM|KS1|KS2
corallopyronin_CorJ_2_KS5_0aMe,corallopyronin|HM071004|46456-57909|-|?|CorJ|ADI59532|0RM|KS2|KS5
chivosazole_ChiF_1_KS15_aMeeDB,chivosazole|DQ065771|76341-93941|+|?|ChiF|AAY89053|eDM|KS1|KS15
oxazolomycin_OzmQ_1_KS1_AAgly,oxazolomycin|EF552687|20505-43718|+|?|OzmH|ABS90470|zDM|KS1|KS1
chivosazole_ChiC_4_KS7_eDB,chivosazole|DQ065771|22603-47856|+|?|ChiC|AAY89050|eD|KS4|KS7
leinamycin_LnmJ_3_KS6_aMeDB,leinamycin|AF484556|82991-105040|+|?|LnmJ|AAN85523|eDM|KS3|KS6
?,corallopyronin|HM071004|19308-34253|-|?|CorL|ADI59534|?|KS4|KS7b
tolytoxin_TtoE_1_KS7_a_D_Meb_D_OH,tolytoxin|KR857271|34607-66052|+|?|?|AKQ22650|?|KS?|KS7
luminaolid_LumC_1_KS7_a_L_Meb_L_OMe_a_L_Meb_L_OH,luminaolid|KR857272|23669-38767|-|?|?|AKQ22681|?|?|KS7
?,misakinolide|KR857273|33050-60031|+|?|?|AKQ22698|lHlM|KS?|KS7
rhizoxins_RhiC_2_KS7_a_D_Meb_L_OH,rhizoxins|AM411073|31540-47247|+|?|RhiC|CAL69890|lHdM|KS2|KS7
psymberin_PsyD_4_KS6_adiMeb_D_OH,psymberin|FJ823461|20598-58535|+|?|PsyD|ADA82585|dHdiM|KS4|KS6
phormidolide_EKU96423_PhorL_3_KS6_adiMeb_D_OH,phormidolide|ALVN01000014|356649-378134|-|?|?|EKU96423|?|KS3|KS6
pederin_PedF_4_KS7_adiMeb_D_OH,pederin|AY328023|36226-62031|+|?|PedF|AAS47564|dHdiM|KS4|KS7
diaphorin_DipT_4_KS7_adiMebOH,diaphorin|CP003468|230695-257754|+|?|DipT|AGS06887|?|KS4|KS7
onnamide_OnnI_4_KS7_adiMeb_D_OH,onnamide|AY688304|21358-36513|+|?|OnnI|AAV97877|dHdiM|KS?|KS7
oocydin_Ddad_OocS_1_KS13_aMebOH,oocydin_Ddad|CP001654|1682511-1699349|+|?|OocS|ACS85232|?|KS1|KS13
oocydin_Smar_OocS_1_KS13_aMebOH,oocydin_Smar|JX315603|56236-72084|+|?|OocS|AFX60318|?|KS1|KS13
oxazolomycin_OzmH_2_KS6_AAgly,oxazolomycin|EF552687|43715-52495|+|?|OzmJ|ABS90471|lHlM|KS1|KS6
misakinolide_MisD_4_KS10_a_L_Meb_L_OH,misakinolide|KR857273|33050-60031|+|?|?|AKQ22698|lMlH|KS?|KS10
luminaolid_LumC_4_KS10_a_L_Meb_L_OH,luminaolid|KR857272|38760-53402|-|?|?|AKQ22680|?|?|KS10
tolytoxin_TtoE_4_KS10_a_L_Meb_L_OH,tolytoxin|KR857271|34607-66052|+|?|?|AKQ22650|?|KS?|KS10
psymberin_PsyD_6_KS8_a_D_Meb_L_OH,psymberin|FJ823461|20598-58535|+|?|PsyD|ADA82585|lHdM|KS6|KS8
?,rhizoxins|AM411073|47298-59777|+|?|RhiD|CAL69891|dHM|KS1|KS9
tolytoxin_TtoC_2_KS2_a_D_MeshDB,tolytoxin|KR857271|4023-19067|+|?|?|AKQ22652|?|KS?|KS2
luminaolid_LumA_2_KS2_a_D_MeshDB,luminaolid|KR857272|6257-23584|-|?|?|AKQ22682|?|?|KS2
?,rhizoxins|AM411073|61823-74080|+|?|RhiE|CAL69893|shDdB|KS1|KS12
nosperin_NspC_4_KS7_aMeshDB,nosperin|GQ979609|17094-41852|+|?|NspC|ADA69239||KS4|KS7
onnamide_OnnJ_1_KS11_bOH,onnamide|AY688304|36519-40000|+|?|OnnJ|ETX03789|eD|KS1|KS11
pederin_PedH_1_KS10_rearrangement,pederin|AY328023|63384-82184|+|?|PedH|AAS47562|?|KS1|KS10
diaphorin_DipO_1_KS10_rearrangement,diaphorin|CP003468|149589-160181|-|?|DipO|AGS06824|?|KS1|KS10
oocydin_Smar_OocL_1_KS3_rearrangement,oocydin_Smar|JX315603|19591-26703|+|?|OocL|AFX60311|?|KS1|KS3
oocydin_Ddad_OocL_1_KS3_rearrangement,oocydin_Ddad|CP001654|1644110-1651615|+|?|OocL|ACS85225|?|KS1|KS3
luminaolid_LumC_2_KS8_a_D_Meb_D_OH_b_D_OH,luminaolid|KR857272|38760-53402|-|?|?|AKQ22680|?|?|KS8
tolytoxin_TtoE_2_KS8_a_D_Me_D_OH,tolytoxin|KR857271|34607-66052|+|?|?|AKQ22650|?|KS?|KS8
misakinolide_MisD_2_KS8_b_L_OH,misakinolide|KR857273|33050-60031|+|?|?|AKQ22698|lH|KS?|KS8
chivosazole_ChiC_1_KS4_a_D_Meb_D_OH,chivosazole|DQ065771|22603-47856|+|?|ChiC|AAY89050|dHdM|KS1|KS4
disorazole_DszA_3_KS3_adiMeb_L_OH,disorazole|DQ013294|15731-33766|+|?|DszA|AAY32964|lHdiM|KS3|KS3
chivosazole_ChiE_2_KS14_a_L_Meb_L_OH,chivosazole|DQ065771|61825-76344|+|?|ChiE|AAY89052|lHlM|KS2|KS14
difficidin_DifL_1_KS14_redaMe,difficidin|AJ634062|60079-66294|+|?|DifL|CAG23983|RM|KS1|KS14
sorangicin_SorE_1_KS15_a_D_Mb_L_OH,sorangicin|HM584908|97325-112942|+|?|SorE|ADN68480|lHdM|KS1|KS15
bryostatin_BryB_2_KS5_adiMEbketo,bryostatin|DQ889941|1344-17879|+|?|BryB|ABM63527|KdiM|KS2|KS5
bryostatin_BryC_3_KS10_adiMebketo,bryostatin|DQ889941|17900-34045|+|?|BryC|ABM63528|?|KS3|KS10
mupirocin_MmpA_2_KS6_a_D_OHb_D_OH,mupirocin|AF318063|20958-40526|+|?|MmpD|AAM12913|lHlM|KS2|KS6
?,myxovirescin|CP000113|4730911-4740024|-|?|TaP|ABF88102|RM|KS1|KS12
mupirocin_MmpB_1_KS8_esterification,mupirocin|AF318063|20958-40526|+|?|MmpD|AAM12913|zDM|KS4|KS8
dorrigocin_migrastatin_MgsF_4_KS7_a_D_Meb_L_OH,dorrigocin_migrastatin|GQ274953|17568-41648|+|?|MgsF|ACY01391|eDM|KS4|KS7
dorrigocin_migrastatin_MgsF_2_KS5_a_D_MebketodH,dorrigocin_migrastatin|GQ274953|17568-41648|+|?|MgsF|ACY01391|dH|KS2|KS5
dorrigocin_migrastatin_MgsF_5_KS8_b_L_OH,dorrigocin_migrastatin|GQ274953|17568-41648|+|?|MgsF|ACY01391|lHdM|KS5|KS8
cycloheximide_ChxE_5_KS5_a_D_Mebketo,cycloheximide|JX014302|9480-30236|+|?|ChxE|AFO59866|K|KS5|KS5
9-methylstreptimidone_SmdI_KS5_5_a_D_Mebketo,9-methylstreptimidone|FR878059|13158-32300|+|?|SmdI|CCC21123|?|KS5|KS5
thailanstatin_TstDEF_2_KS5_reda_L_Me,thailanstatin|JX307851|22470-46580|+|?|TstDEF|AGN11881|?|KS2|KS5
FR901464_Fr9F_2_KS5_reda_L_Me,FR901464|HM047288|38867-53581|+|?|Fr9F|ADH01487|?|KS1|KS5
bongkrekic_acid_BonA_3_KS3_aMeDB,bongkrekic_acid|JX173632|11410-35136|+|?|BonA|AFN27480|?|KS3|KS3
bongkrekic_acid_BonD_1_KS10_a_L_Me,bongkrekic_acid|JX173632|51038-63328|+|?|BonD|AFN27483|?|KS1|KS10
etnangien_EtnF_1_KS8_a_D_Meb_D_OH,etnangien|NC_010162|30104-40990|+|?|EtnF|EtnF|dHlM|KS1|KS8
elansolid_Csan_ElaK_2_KS4_aMe,elansolid_Csan|HQ680975|18337-35742|+|?|ElaK|AEC04357|?|KS2|KS4
elansolid_Cpin_ElsJ_2_KS4_aMe,elansolid_Cpin|CP001699|6744019-6761427|-|?|ElsJ|ACU62727|M|KS2|KS4
elansolid_Cpin_ElsJ_1_KS3_adiMeb_D_OH,elansolid_Cpin|CP001699|6744019-6761427|-|?|ElsJ|ACU62727|DM|KS1|KS3
elansolid_Csan_ElaK_1_KS3_adiMeb_D_OH,elansolid_Csan|HQ680975|18337-35742|+|?|ElaK|AEC04357|?|KS1|KS3
basiliskamides_P615_BasE_2_KS3_a_D_Meb_D_OH,basiliskamides|NZ_AXBT01000013|102142-112479|-|?|P615_14880|WP_022584873|?|KS1|KS3
basiliskamides_P615_BasE_1_KS2_a_L_Me_red,basiliskamides|NZ_AXBT01000013|112547-118546|-|?|P615_14885|WP_022584874|?|KS1|KS2
sorangicin_SorD_1_KS13_a_L_OHb_L_OH,sorangicin|HM584908|88020-97325|+|?|SorD|ADN68479|lH+alphalH|KS1|KS13
sorangicin_SorG_1_KS18_a_L_Mb_L_OH,sorangicin|HM584908|114338-122377|+|?|SorG|ADN68482|lHlM|KS1|KS18
sorangicin_SorA_3_KS3_reda_D_Me,sorangicin|HM584908|44097-68231|+|?|SorA|ADN68476|RdM|KS3|KS3
etnangien_EtnI_1_KS17_reda_L_Me,etnangien|NC_010162|66952-84873|+|?|EtnI|EtnI|RlM|KS1|KS17
chivosazole_ChiB_3_KS3_a_L_Meb_L_OH,chivosazole|DQ065771|5072-22603|+|?|ChiB|AAY89049|lHlM|KS3|KS3
rhizopodin_RizB_6_KS6_reda_L_Me,rhizopodin|FR854394|6639-43580|+|?|RizB|CCA89326|?|KS6|KS6
rhizopodin_RizC_1_KS9_adiMeb_L_OH,rhizopodin|FR854394|43574-49810|+|?|RizC|CCA89327|?|KS1|KS9
misakinolide_MisD_1_KS6_reda_L_Me,misakinolide|KR857273|33050-60031|+|?|?|AKQ22698|RlM|KS?|KS6
luminaolid_LumB_3_KS6_reda_L_Me,luminaolid|KR857272|23669-38767|-|?|?|AKQ22681|?|?|KS6
tolytoxin_TtoD_3_KS6_reda_L_Me,tolytoxin|KR857271|19089-34430|+|?|?|AKQ22651|?|KS?|KS6
?,mycosubtilin|AF184956|3161-15076|+|?|MycA|AAF08795|?|KS1|KS1
?,bacillomycin|AY137375|2130-14072|+|?|bamA|AAN07012|?|KS1|KS1
?,iturin|AB050629|5152-17100|+|?|ItuA|BAB69698|?|KS1|KS1
kalimantacin_batumin_Bat3_2_KS9_eDB,kalimantacin_batumin|GU479979|30833-46282|+|?|Bat3|ADD82941|R|KS2|KS9
pederin_PedH_2_KS11_red,pederin|AY328023|63384-82184|+|?|PedH|AAS47562|R|KS2|KS11
diaphorin_DipO_2_KS11_DB,diaphorin|CP003468|149589-160181|-|?|DipO|AGS06824|?|KS2|KS11
myxovirescin_TaO_4_KS11_red,myxovirescin|CP000113|4740017-4755469|-|?|TaO|ABF92489|R|KS4|KS11
myxovirescin_TaO_3_KS10_bketo,myxovirescin|CP000113|4740017-4755469|-|?|TaO|ABF92489|R|KS3|KS10
oocydin_Smar_OocR_2_KS12_shDB,oocydin_Smar|JX315603|49446-56243|+|?|OocR|AFX60317|?|KS2|KS12
oocydin_Ddad_OocR_2_KS12_shDB,oocydin_Ddad|CP001654|1675427-1682518|+|?|OocR|ACS85231|?|KS2|KS12
rhizoxins_RhiD_2_KS10_shD,rhizoxins|AM411073|47298-59777|+|?|RhiD|CAL69891|shD|KS2|KS10
dorrigocin_migrastatin_MgsG_1_KS10_red,dorrigocin_migrastatin|GQ274953|41705-47566|+|?|MgsG|ACY01392|eD|KS1|KS10
dorrigocin_migrastatin_MgsF_6_KS9_eDB,dorrigocin_migrastatin|GQ274953|17568-41648|+|?|MgsF|ACY01391|lH|KS6|KS9
myxovirescin_Ta1_5_KS5_red,myxovirescin|CP000113|4756846-4783794|-|?|Ta1|ABF85931|R|KS5|KS5
difficidin_DifF_3_KS3_red,difficidin|AJ634062|5847-18437|+|?|DifF|CAG23977|R|KS3|KS3
difficidin_DifI_3_KS9_red,difficidin|AJ634062|30570-46184|+|?|DifI|CAJ57409|R|KS3|KS9
bacillaene_Bamy_BaeJ_2_KS2_red,bacillaene_Bamy|AJ634060|8427-23375|+|?|BaeJ|CAG23957|R|KS2|KS2
bacillaene_Bsub_PksJ_2_KS2_red,bacillaene_Bsub|AL009126|1792806-1807937|+|?|PksJ|CAB13589|?|KS2|KS2
bacillaene_Bamy_BaeN_2_KS11_shDB,bacillaene_Bamy|AJ634060|47347-63648|+|?|BaeN|CAG23960|shD|KS2|KS11
bacillaene_Bsub_PksN_2_KS12_shDB,bacillaene_Bsub|AL009126|1834409-1850875|+|?|PksN|CAB13604|?|KS2|KS12
bacillaene_Bamy_BaeN_3_KS12_shDB,bacillaene_Bamy|AJ634060|47347-63648|+|?|BaeN|CAG23960|shD|KS3|KS12
bacillaene_Bsub_PksN_3_KS13_shDB,bacillaene_Bsub|AL009126|1834409-1850875|+|?|PksN|CAB13604|?|KS3|KS13
myxovirescin_TaO_2_KS9_red,myxovirescin|CP000113|4740017-4755469|-|?|TaO|ABF92489|R|KS2|KS9
bongkrekic_acid_BonB_2_KS8_red,bongkrekic_acid|JX173632|35078-45826|+|?|BonB|AFN27481|?|KS2|KS8
oocydin_Smar_OocN_5_KS9_red,oocydin_Smar|JX315603|27847-47466|+|?|OocN|AFX60313|?|KS5|KS9
oocydin_Ddad_OocN_5_KS9_red,oocydin_Ddad|CP001654|1652738-1673368|+|?|OocN|ACS85227|?|KS5|KS9
phormidolide_EKU96424_PhorK_3_KS3_b_D_OH,phormidolide|ALVN01000014|378160-393333|-|?|?|EKU96424|?|KS3|KS3
sorangicin_SorA_2_KS2_red,sorangicin|HM584908|44097-68231|+|?|SorA|ADN68476|R|KS2|KS2
sorangicin_SorB_4_KS11_red,sorangicin|HM584908|68228-83098|+|?|SorB|ADN68477|R|KS4|KS11
etnangien_EtnG_1_KS11_red,etnangien|NC_010162|40987-56199|+|?|EtnG|EtnG|R|KS1|KS11
FR901464_Fr9I_1_KS11_0b_D_OH,FR901464|HM047288|70796-79954|+|?|Fr9I|ADH01490|?|KS2|KS11
bongkrekic_acid_BonA_KS1_1_GNATstarter,bongkrekic_acid|JX173632|11410-35136|+|?|BonA|AFN27480|?|KS1|KS1
chivosazole_ChiB_2_KS2_b_D_OH,chivosazole|DQ065771|5072-22603|+|?|ChiB|AAY89049|dH|KS2|KS2
corallopyronin_CorI_1_KS1_unusualStarter_methoxycarbonyl,corallopyronin|HM071004|57906-69557|-|?|CorI|ADI59531|methoxycarbonyl|KS1|KS1
corallopyronin_CorI_3_KS3_0bimod_eDB,corallopyronin|HM071004|57906-69557|-|?|CorI|ADI59531|eD|KS3|KS3
corallopyronin_CorJ_1_KS4_shDB,corallopyronin|HM071004|46456-57909|-|?|CorJ|ADI59532|shD|KS1|KS4
corallopyronin_CorJ_3_KS6_a_D_Me,corallopyronin|HM071004|46456-57909|-|?|CorJ|ADI59532|RM|KS3|KS6
?,corallopyronin|HM071004|34250-46456|-|?|CorK|ADI59533|acetyl|KS1|KS1b
?,corallopyronin|HM071004|34250-46456|-|?|CorK|ADI59533|eD|KS2|KS2b
?,corallopyronin|HM071004|34250-46456|-|?|CorK|ADI59533|R|KS3|KS3b
?,corallopyronin|HM071004|19308-34253|-|?|CorL|ADI59534|eDB|KS1|KS4b
?,corallopyronin|HM071004|19308-34253|-|?|CorL|ADI59534|R|KS2|KS5b
?,corallopyronin|HM071004|19308-34253|-|?|CorL|ADI59534|?|KS3|KS6b
?,corallopyronin|HM071004|19308-34253|-|?|CorL|ADI59534|?|KS4|KS7b
difficidin_DifJ_2_KS12_obimod_bOH,difficidin|AJ634062|46189-53907|+|?|DifJ|CAJ57410|?|KS2|KS12
disorazole_DszA_4_KS4_b_D_OH,disorazole|DQ013294|15731-33766|+|?|DszA|AAY32964|dH|KS4|KS4
enacyloxin_Bamb_5924_2_KS2_eDB,enacyloxin|CP000442|439201-445806|-|?|Bamb_5924|ABI91469|?|KS1|KS2
enacyloxin_Bamb_5924_3_KS3_b_D_OH,enacyloxin|CP000442|439201-445806|-|?|Bamb_5924|ABI91469|?|KS2|KS3
enacyloxin_Bamb_5923_1_KS4_b_L_OH,enacyloxin|CP000442|433915-439152|-|?|Bamb_5923|ABI91468|?|KS1|KS4
enacyloxin_Bamb_5922_1_KS5_b_D_OH,enacyloxin|CP000442|427850-433915|-|?|Bamb_5922|ABI91467|?|KS1|KS5
enacyloxin_Bamb_5921_2_KS7_b_D_OH,enacyloxin|CP000442|418893-427850|-|?|Bamb_5921|ABI91466|?|KS2|KS7
enacyloxin_Bamb_5920_1_KS8_eDB,enacyloxin|CP000442|409955-418882|-|?|Bamb_5920|ABI91465|?|KS1|KS8
enacyloxin_Bamb_5920_2_KS9_aMeDB,enacyloxin|CP000442|409955-418882|-|?|Bamb_5920|ABI91465|?|KS2|KS9
enacyloxin_Bamb_5919_1_KS10_bketo,enacyloxin|CP000442|402538-409929|-|?|Bamb_5919|ABI91464|?|KS1|KS10
?,etnangien|NC_010162|56196-66932|+|?|EtnH|EtnH|zD|KS1|KS15
kirromycin_KirAI_1_KS1_AcStarter,kirromycin|AM746336|25016-30997|+|?|KirAI|CAN89631|_Ac|KS1|KS1
kirromycin_KirAII_2_KS4_diMb_L_OH,kirromycin|AM746336|31022-44176|+|?|KirAII|CAN89632|lHdiM|KS2|KS4
kirromycin_KirAII_3_KS5_b_D_OH,kirromycin|AM746336|31022-44176|+|?|KirAII|CAN89632|dH|KS3|KS5
kirromycin_KirAIII_4_KS6_AAgly,kirromycin|AM746336|44173-48825|+|?|KirAIII|CAN89633|Agly|KS1|KS6
kirromycin_KirAIV_3_KS9_aMebketo,kirromycin|AM746336|48825-68021|+|?|KirAIV|CAN89634|KdM|KS3|KS9
kirromycin_KirAIV_5_KS11_b_D_OH,kirromycin|AM746336|48825-68021|+|?|KirAIV|CAN89634|dH|KS5|KS11
lankacidin_LkcA_1_KS1_AAgly,lankacidin|NC_004808|31013-35881|-|?|LkcA|NP_851440|Agly|KS1|KS1
?,lankacidin|NC_004808|15266-22306|-|?|LkcF|NP_851435|dH_eD|KS2|KS4
lankacidin_LkcG_1_KS5_aMebketo,lankacidin|NC_004808|12434-15214|-|?|LkcG|NP_851434|lHdM|KS1|KS5
legioliulin_LglD_1_KS1_aromaticStarter,legioliulin|NZ_CM001371|438115-452475|-|?|LglD|WP_010652552|?|KS1|KS1
?,legioliulin|NZ_CM001371|434229-438122|-|?|LglE|WP_010652551|?|KS1|KS5
?,leinamycin|AF484556|82991-105040|+|?|LnmJ|AAN85523|K|KS2|KS5
?,leinamycin|AF484556|82991-105040|+|?|LnmJ|AAN85523|R|KS4|KS7
macrolactin_MlnB_3_KS3_red,macrolactin|AJ634061|2329-14589|+|?|Pks2B|CAG23964|R|KS3|KS3
?,malleilactone_burkholderic_acid|NC_007650|2545193-2553571|+|?|BurA|YP_440276|?|KS1|KS1b
misakinolide_MisC_5_KS5_L_OH_or_D_PY,misakinolide|KR857273|15190-33063|+|?|?|AKQ22699|lH_or_dPY|KS?|KS5
psymberin_PsyD_9_KS11_bketo,psymberin|FJ823461|20598-58535|+|?|PsyD|ADA82585|K|KS9|KS11
rhizopodin_RizB_2_KS2_eDB,rhizopodin|FR854394|6639-43580|+|?|RizB|CCA89326|?|KS2|KS2
rhizopodin_RizB_5_KS5_bketo,rhizopodin|FR854394|6639-43580|+|?|RizB|CCA89326|?|KS5|KS5
rhizopodin_RizD_5_KS15_bimod_bOH,rhizopodin|FR854394|49812-73226|+|?|RizD|CCA89328|?|KS5|KS15
?,seudotrienic_acid|AKJU01000004|15329-29989|-|?|?|EJM18770|?|KS3|KS6
?,tartrolon|CP001614|2286203-2299822|+|?|TrtD|ACR13997|?|KS2|KS2
?,tartrolon|CP001614|2299866-2314709|+|?|TrtE|ACR12418|?|KS3|KS6
?,tartrolon|CP001614|2299866-2314709|+|?|TrtE|ACR12418|?|KS4|KS7
?,tartrolon|CP001614|2299866-2314709|+|?|TrtE|ACR12418|?|KS5|KS8
tartrolon_TrtF_2_KS10_0reda_D_Me,tartrolon|CP001614|2314751-2328742|+|?|TrtF|ACR13065|?|KS2|KS10
?,tartrolon|CP001614|2314751-2328742|+|?|TrtF|ACR13065|?|KS3|KS11
pederin_PedF_1_KS4_0hacetal,pederin|AY426537|36226-62031|+|?|PedF|AAS47564|0hemi|KS1|KS4
pederin_PedH_4_KS13_0eDB,pederin|AY426537|63384-82184|+|?|PedH|AAS47562|0D|KS4|KS13
pederin_PedI_1_KS1_GNATStarter,pederin|AY426537|4044-18689|+|?|PedI|AAR19304|AcGNAT|KS1|KS1
pederin_PedF_6_KS9_b_L_OH,pederin|AY426537|36226-62031|+|?|PedF|AAS47564|lH|KS6|KS9
pederin_PedI_2_KS2_a_L_Meb_D_OH,pederin|AY426537|4044-18689|+|?|PedI|AAR19304|dHlM|KS2|KS2
pederin_PedF_3_KS6_b_D_OH,pederin|AY426537|36226-62031|+|?|PedF|AAS47564|dH|KS3|KS6
pederin_PedI_3_KS3_exometh,pederin|AY426537|4044-18689|+|?|PedI|AAR19304|exometB|KS3|KS3
pederin_PedF_2_KS5_AAgly,pederin|AY426537|36226-62031|+|?|PedF|AAS47564|Agly|KS2|KS5
pederin_PedH_3_KS12_bimod_bOH,pederin|AY426537|63384-82184|+|?|PedH|AAS47562|D|KS3|KS12
pederin_PedF_5_KS8_pyran,pederin|AY426537|36226-62031|+|?|PedF|AAS47564|PY|KS5|KS8
pederin_PedF_4_KS7_adiMeb_D_OH,pederin|AY426537|36226-62031|+|?|PedF|AAS47564|dHdiM|KS4|KS7
pederin_PedH_1_KS10_rearrangement,pederin|AY426537|63384-82184|+|?|PedH|AAS47562|?|KS1|KS10
pederin_PedH_2_KS11_red,pederin|AY426537|63384-82184|+|?|PedH|AAS47562|R|KS2|KS11
?,enacyloxin|CP000442|427850-433915|-|?|Bamb_5922|ABI91467|?|KS2|KS6
calyculin_CalH_3_KS27_eDB,calyculin|AB933566|125766-140192|+|no_locus_tag|CalH|BAP05596|837-1272|KS1|KS27
calyculin_CalC_3_KS9_eDB,calyculin|AB933566|51876-65756|+|no_locus_tag|CalC|BAP05591|1817-2236|KS2|KS9
calyculin_CalE_2_KS11_aketo,calyculin|AB933566|66955-90753|+|no_locus_tag|CalE|BAP05593|63-486|KS1|KS11
calyculin_CalH_2_KS26_AAala,calyculin|AB933566|108337-125763|+|no_locus_tag|CalG|BAP05595|5164-5596|KS4|KS26
calyculin_CalB_2_KS4_AAgly,calyculin|AB933566|31828-51879|+|no_locus_tag|CalB|BAP05590|79-502|KS1|KS4
calyculin_CalF_2_KS17_a_D_OHb_D_OH,calyculin|AB933566|66955-90753|+|no_locus_tag|CalE|BAP05593|6689-7104|KS7|KS17
calyculin_CalB_3_KS5_0reda_L_Me,calyculin|AB933566|31828-51879|+|no_locus_tag|CalB|BAP05590|1852-2276|KS2|KS5
calyculin_CalF_5_KS20_a_L_Meb_L_OH,calyculin|AB933566|90764-108340|+|no_locus_tag|CalF|BAP05594|2053-2472|KS3|KS20
calyculin_CalG_1_KS21_a_L_Meb_L_OH,calyculin|AB933566|90764-108340|+|no_locus_tag|CalF|BAP05594|3125-3538|KS4|KS21
calyculin_CalC_2_KS8_AAoxa,calyculin|AB933566|51876-65756|+|no_locus_tag|CalC|BAP05591|1117-1535|KS1|KS8
calyculin_CalH_1_KS25_bMeDB,calyculin|AB933566|108337-125763|+|no_locus_tag|CalG|BAP05595|3591-4011|KS3|KS25
calyculin_CalA_2_KS2_AAser,calyculin|AB933566|20404-31761|+|no_locus_tag|CalA|BAP05589|1483-1904|KS1|KS2
calyculin_CalF_4_KS19_b_D_OMe,calyculin|AB933566|90764-108340|+|no_locus_tag|CalF|BAP05594|785-1201|KS2|KS19
calyculin_CalC_1_KS7_KS0oxa,calyculin|AB933566|31828-51879|+|no_locus_tag|CalB|BAP05590|4970-5398|KS4|KS7
calyculin_CalG_3_KS23_bMeDB,calyculin|AB933566|108337-125763|+|no_locus_tag|CalG|BAP05595|555-966|KS1|KS23
calyculin_CalB_4_KS6_0reda_L_Me,calyculin|AB933566|31828-51879|+|no_locus_tag|CalB|BAP05590|4229-4639|KS3|KS6
calyculin_CalE_7_KS15_b_L_OH,calyculin|AB933566|66955-90753|+|no_locus_tag|CalE|BAP05593|4579-5008|KS5|KS15
?,calyculin|AB933566|125766-140192|+|no_locus_tag|CalH|BAP05596|2710-3133|KS2|KS28
calyculin_CalE_3_KS12_a_D_Meb_L_OH,calyculin|AB933566|66955-90753|+|no_locus_tag|CalE|BAP05593|1059-1489|KS2|KS12
calyculin_CalF_3_KS18_0b_D_OH,calyculin|AB933566|90764-108340|+|no_locus_tag|CalF|BAP05594|76-503|KS1|KS18
calyculin_CalF_1_KS16_0_b_L_OH_a_L_Meb_L_OH,calyculin|AB933566|66955-90753|+|no_locus_tag|CalE|BAP05593|5314-5727|KS6|KS16
calyculin_CalE_5_KS14_0b_L_OH,calyculin|AB933566|66955-90753|+|no_locus_tag|CalE|BAP05593|3440-3841|KS4|KS14
calyculin_CalG_2_KS22_aMeDB,calyculin|AB933566|90764-108340|+|no_locus_tag|CalF|BAP05594|4754-5155|KS5|KS22
calyculin_CalG_4_KS24_eDB,calyculin|AB933566|108337-125763|+|no_locus_tag|CalG|BAP05595|2568-2990|KS2|KS24
calyculin_CalA_KS1_KS0AAser,calyculin|AB933566|2621-3850|+|no_locus_tag|CalW|BAP05575|9-409|KS1|KS1
calyculin_CalB_1_KS3_KS0_b_L_OH,calyculin|AB933566|20404-31761|+|no_locus_tag|CalA|BAP05589|2240-2672|KS2|KS3
?,calyculin|AB933566|140205-148229|+|no_locus_tag|CalI|BAP05597|478-899|KS1|KS30
?,calyculin|AB933566|125766-140192|+|no_locus_tag|CalH|BAP05596|4187-4617|KS3|KS29
calyculin_CalE_4_KS13_b_L_OH,calyculin|AB933566|66955-90753|+|no_locus_tag|CalE|BAP05593|1813-2249|KS3|KS13
calyculin_CalE_1_KS10_KS0ox,calyculin|AB933566|51876-65756|+|no_locus_tag|CalC|BAP05591|3276-3699|KS3|KS10
FR901464_Fr9I_2_KS12_0pyran,?
SIA7248_SiaD_1_KS1_unusualStarter_lactate,?
SIA7248_SiaG_3_KS10_eDB,?
SIA7248_SiaH_KS11_eDB,?
SIA7248_SiaH_KS12_bketo,?
SIA7248_SiaI_1_KS13_2biMod_OH,?
SIA7248_SiaE_1_KS2_b_D_OH,?
SIA7248_SiaE_2_KS3_b_L_OH,?
SIA7248_SiaF_1_KS4_b_D_OH,?
SIA7248_SiaF_2_KS5_b_D_OH,?
SIA7248_SiaF_3_KS6_b_D_OH,?
SIA7248_SiaF_4_KS7_b_D_OH,?
SIA7248_SiaG_1_KS8_bMeDB,?
SIA7248_SiaG_2_KS9_eDB,?
anthracimycin_AtcD_1_KS1_acetylStarter,?
anthracimycin_AtcF_3_KS10_bketo,?
anthracimycin_AtcD_2_KS2_bOH,?
anthracimycin_AtcD_3_KS3_eDB,?
anthracimycin_AtcD_4_KS4_aMezshDB,?
anthracimycin_AtcE_KS5_eDB,?
anthracimycin_AtcE_KS6_eDB,?
anthracimycin_AtcE_KS7_redaMe,?
anthracimycin_AtcF_2_KS9_eDB_DA,?
chlorotonil_CtoC_1_KS1_acetylStarter,?
chlorotonil_CtoE_2_KS10_bketo,?
chlorotonil_CtoC_2_KS2_bOH,?
chlorotonil_CtoC_3_KS3_eDB,?
chlorotonil_CtoC_4_KS4_aMezshDB,?
chlorotonil_CtoD_1_KS5_eDB,?
chlorotonil_CtoD_2_KS6_eDB,?
chlorotonil_CtoD_3_KS7_redaMe,?
chlorotonil_CtoE_1_KS9_DB_DA,?
corallopyronin_CorL_1_KS10_bMeDB,?
corallopyronin_CorL_2_KS11_red,?
corallopyronin_CorL_3_KS12_bMeDB,?
corallopyronin_CorL_4_KS13_aMeDB,?
corallopyronin_CorK_2_KS8_eDB,?
corallopyronin_CorK_3_KS9_red,?
elansolid_ElsQ_1_KS14_0eDB,?
kalimantacin_batuminBat2_6_KS7_0bimod_bOH,?
malleilactone_burkholderic_acid_BurA_1_KS1_unusualStarter,?
mupirocin_MmpE_1_KS9_cyclization,?
myxopyronin_MxnI_1_KS1_unusualstarter,?
myxopyronin_MxnK_4_KS10_bMeDB,?
myxopyronin_MxnK_5_KS11_aMeDB,?
myxopyronin_MxnI_2_KS2_AAgly,?
myxopyronin_MxnI_3_KS3_biMod_eDB,?
myxopyronin_MxnJ_1_KS4_shDB,?
myxopyronin_MxnJ_2_KS5_0reda_L_Me,?
myxopyronin_MxnJ_3_KS6_reda_L_Me,?
myxopyronin_MxnK_1_KS7_starter,?
myxopyronin_MxnK_2_KS8_0red,?
myxopyronin_MxnK_3_KS9_red,?
paenimacrolidin_KS2_DB,?
paenimacrolidin_KS3_bMe,?
paenimacrolidin_KS4_bMe,?
paenimacrolidin_KS5_bMe,?
thailanstatin_TstI_2_KS12_0pyran,?
thiomarinol_TmpD_1_KS1_acetylStarter,?
thiomarinol_TmpD_2_KS2_a_L_Meb_L_OH,?
thiomarinol_TmpD_3_KS3_eDB,?
thiomarinol_TmpD_4_KS4_a_D_OH,?
thiomarinol_TmpA_1_KS5_0b_D_OH,?
thiomarinol_TmpA_2_KS6_a_D_OHb_D_OH,?
thiomarinol_TmpA_3_KS7_bOH,?
thiomarinol_TmpB_1_KS8_eDBbMe,?
