thailandamide_TaiE_1_KS5_AAala	clade_not_conserved
bongkrekic_acid_BonA_KS1_1_GNATstarter	Clade_40
diaphorin_DipP_3_KS3_exometh	Clade_88
kirromycin_KirAIV_3_KS9_aMebketo	Clade_22
FR901464_Fr9GH_1_KS8_eDB	Clade_62
oocydin_Ddad_OocN_1_KS5_0a_D_OHb_L_OH	Clade_35
myxopyronin_MxnI_2_KS2_AAgly	Clade_20
elansolid_Csan_ElaK_1_KS3_adiMeb_D_OH	Clade_95
calyculin_CalC_3_KS9_eDB	Clade_62
calyculin_CalF_2_KS17_a_D_OHb_D_OH	Clade_53
cycloheximide_ChxE_5_KS5_a_D_Mebketo	Clade_96
kalimantacin_batumin_Bat2_4_KS5_redbMe	Clade_87
calyculin_CalG_1_KS21_a_L_Meb_L_OH	Clade_80
leinamycin_LnmJ_1_KS4_eDB	Clade_66
tolytoxin_TtoE_7_KS13_b_D_OH	Clade_59
oocydin_Ddad_OocR_2_KS12_shDB	Clade_15
rhizoxins_RhiE_3_KS14_0eDB	Clade_61
myxopyronin_MxnJ_1_KS4_shDB	Clade_21
nosperin_NspC_5_KS5_aMebOH	Clade_60
dorrigocin_migrastatin_MgsF_4_KS7_a_D_Meb_L_OH	Clade_96
calyculin_CalF_1_KS16_0_b_L_OH_a_L_Meb_L_OH	Clade_35
myxovirescin_Ta1_6_KS6_eDBbMe	Clade_82
misakinolide_MisF_1_KS15_zDB	Clade_69
bongkrekic_acid_BonC_1_KS9_eDB	Clade_64
difficidin_DifI_1_KS7_aMezDB	Clade_47
SIA7248_SiaE_2_KS3_b_L_OH	Clade_78
luminaolid_LumA_3_KS3_0bimod_a_D_Meb_D_OH	Clade_49
kalimantacin_batumin_Bat3_4_KS11_redbMe	Clade_87
sorangicin_SorH_2_KS21_eDB	Clade_64
basiliskamides_P615_BasE_1_KS2_a_L_Me_red	Clade_95
thailanstatin_TstI_2_KS12_0pyran	Clade_24
bacillaene_Bamy_BaeL_3_KS6_bMeeDB	Clade_82
calyculin_CalA_2_KS2_AAser	Clade_14
macrolactin_MlnB_3_KS3_red	Clade_26
psymberin_PsyD_4_KS6_adiMeb_D_OH	Clade_80
rhizoxins_RhiE_1_KS1_aMeshDB	Clade_5
tolytoxin_TtoF_5_KS19_0eDB	Clade_74
tartrolon_TrtE_2_KS5_0red	Clade_36
difficidin_DifJ_1_KS11_zDB_zDB	Clade_65
calyculin_CalF_5_KS20_a_L_Meb_L_OH	Clade_80
bongkrekic_acid_BonD_2_KS11_eDB	Clade_64
basiliskamides_P615_BasE_3_KS3_bOH	Clade_4
myxopyronin_MxnK_2_KS8_0red	Clade_42
disorazole_DszB_2_KS6_zDB	Clade_43
bacillaene_Bsub_PksM_1_KS8_zDB	Clade_69
tolytoxin_TtoC_1_KS1_AAgly	Clade_30
dorrigocin_migrastatin_MgsF_5_KS8_b_L_OH	Clade_96
elansolid_Cpin_ElsO_2_KS9_0bimod_bOH	Clade_79
cycloheximide_ChxE_1_KS1_unusualStarter_AMT	Clade_6
bacillaene_Bsub_PksN_3_KS13_shDB	Clade_12
kalimantacin_batumin_Bat2_3_KS4_bOH	Clade_56
oocydin_Ddad_OocN_2_KS6_a_D_OHb_L_OH	Clade_77
difficidin_DifG_2_KS5_0Hbimod_bOH	Clade_3
bryostatin_BryB_4_KS7_b_L_OH	Clade_78
thailandamide_TaiM_1_KS13_bMeeDB	Clade_82
psymberin_PsyD_2_KS4_AAgly	clade_not_conserved
oocydin_Ddad_OocS_3_KS15_0b_L_OH	Clade_79
myxovirescin_TaP_1_KS1_reda_D_Me	Clade_95
bryostatin_BryB_1_KS4_exoester	Clade_87
bongkrekic_acid_BonA_2_KS2_bMeDB	Clade_82
sorangicin_SorI_1_KS23_zDB	Clade_64
thiomarinol_TmpA_3_KS7_bOH	Clade_63
psymberin_PsyD_6_KS8_a_D_Meb_L_OH	Clade_80
dorrigocin_migrastatin_MgsF_3_KS6_aMeeDB	Clade_63
griseoviridin_SgvE1_1_KS1_acetylStarter	Clade_9
chivosazole_ChiD_2_KS11_AAoxz	Clade_44
difficidin_DifI_2_KS8_bOH	Clade_78
basiliskamides_P615_14890_KS5_eDB	Clade_8
bacillaene_Bamy_BaeJ_1_KS1_Agly	Clade_1
elansolid_Cpin_ElsP_2_KS12_b_L_OH	Clade_78
bryostatin_BryX_2_KS15_0	Clade_62
nosperin_NspA_2_KS2_a_L_Meb_D_OH	Clade_57
FR901464_Fr9GH_2_KS10_exometh	no_clade
elansolid_Cpin_ElsI_1_KS1_aromaticstarter	Clade_10
calyculin_CalB_2_KS4_AAgly	Clade_1
oocydin_Smar_OocJ_2_KS2_exometh	Clade_88
thailandamide_TaiN_1_KS16_0a_D_Meb_D_OH	Clade_60
sorangicin_SorD_1_KS13_a_L_OHb_L_OH	Clade_93
thailandamide_TaiD_1_KS1_aromaticStarter	Clade_7
onnamide_OnnI_3_KS6_b_D_OH	Clade_58
griseoviridin_SgvE4_1_KS7_b_D_OH	Clade_75
chivosazole_ChiC_3_KS6_eDB_zDB	Clade_66
elansolid_Csan_ElaJ_1_KS1_aromaticstarter	Clade_10
kalimantacin_batumin_Bat2_5_KS6_eD	Clade_64
chivosazole_ChiF_3_KS17_eDB_zDB	Clade_66
bacillaene_Bsub_PksR_2_KS15_OshDBaMe	Clade_33
thailanstatin_TstDEF_4_KS7_aMeeDB	Clade_46
rhizopodin_RizD_3_KS13_0bimod_b_D_OH	Clade_49
rhizopodin_RizE_2_KS18_b_L_OMe	Clade_81
macrolactin_MlnB_2_KS2_b_D_OH	clade_not_conserved
anthracimycin_AtcE_KS7_redaMe	Clade_89
oxazolomycin_OzmQ_1_KS1_AAgly	Clade_2
nosperin_NspA_1_KS1_GNATstarter	Clade_8
bacillaene_Bamy_BaeR_2_KS14_0shDBMe	Clade_33
disorazole_DszB_3_KS7_eDB	Clade_66
calyculin_CalA_KS1_KS0AAser	Clade_1
sorangicin_SorA_4_KS4_aMeeDB	clade_not_conserved
thiomarinol_TmpA_1_KS5_0b_D_OH	Clade_35
cycloheximide_ChxE_3_KS3_vinylogous	Clade_39
thailandamide_TaiL_1_KS9_eDB	Clade_70
mupirocin_MmpE_1_KS9_cyclization	Clade_74
oocydin_Ddad_OocN_5_KS9_red	Clade_15
anthracimycin_AtcD_2_KS2_bOH	Clade_50
etnangien_EtnI_3_KS19_a_L_Meb_D_OH	Clade_56
bongkrekic_acid_BonA_3_KS3_aMeDB	Clade_93
phormidolide_EKU96420_PhorO_3_KS11_b_L_OH	Clade_78
difficidin_DifI_4_KS10_bimod_bOH	Clade_4
myxovirescin_TaO_2_KS9_red	Clade_18
oocydin_Ddad_OocL_1_KS3_rearrangement	Clade_11
nosperin_NspC_4_KS7_aMeshDB	Clade_5
elansolid_ElsQ_1_KS14_0eDB	Clade_74
calyculin_CalE_2_KS11_aketo	Clade_32
luminaolid_LumC_3_KS9_b_L_OH	Clade_78
kirromycin_KirAV_1_KS12_eDB	Clade_66
SIA7248_SiaE_1_KS2_b_D_OH	Clade_78
oocydin_Ddad_OocN_4_KS8_furan	Clade_25
disorazole_DszA_3_KS3_adiMeb_L_OH	Clade_85
oocydin_Smar_OocN_1_KS5_0a_D_OHb_L_OH	Clade_35
sorangicin_SorC_1_KS12_eDB	clade_not_conserved
etnangien_EtnE_3_KS3_eDBbMe	Clade_82
bryostatin_BryB_3_KS6_eDB	Clade_62
thiomarinol_TmpD_2_KS2_a_L_Meb_L_OH	Clade_95
enacyloxin_Bamb_5919_1_KS10_bketo	Clade_40
kirromycin_KirAIV_5_KS11_b_D_OH	Clade_4
etnangien_EtnH_2_KS16_eDB	Clade_64
FR901464_Fr9I_1_KS11_0b_D_OH	Clade_36
oocydin_Ddad_OocL_2_KS4_eDBbMe	Clade_82
dorrigocin_migrastatin_MgsF_1_KS4_b_D_OH_eDB	Clade_52
elansolid_Cpin_ElsN_1_KS6_bMeDB	Clade_82
tartrolon_TrtD_KS3_3_bimod_bOH	no_clade
calyculin_CalC_1_KS7_KS0oxa	Clade_75
thailandamide_TaiL_2_KS10_bketo	Clade_71
corallopyronin_CorI_1_KS1_unusualStarter_methoxycarbonyl	Clade_19
oocydin_Smar_OocS_2_KS14_aMezDB	Clade_69
thiomarinol_TmpD_3_KS3_eDB	Clade_63
leinamycin_LnmI_2_KS2_AAoxz	Clade_44
virginiamycin_VirF_1_KS5_bMeeDB	Clade_81
rhizoxins_RhiF_2_KS16_0eDB	Clade_74
oocydin_Smar_OocN_2_KS6_a_D_OHb_L_OH	Clade_77
tartrolon_TrtE_5_KS8_bketo	Clade_32
bacillaene_Bsub_PksL_2_KS5_eD	Clade_64
etnangien_EtnG_1_KS11_red	clade_not_conserved
luminaolid_LumD_1_KS11_0bimod_b_D_OH	Clade_60
bryostatin_BryD_1_KS12_b_L_OH	Clade_78
corallopyronin_CorL_2_KS11_red	Clade_26
tartrolon_TrtE_1_KS4_eDB	Clade_42
onnamide_OnnI_2_KS5_AAgly	Clade_1
tolytoxin_TtoE_2_KS8_a_D_Me_D_OH	Clade_85
luminaolid_LumB_1_KS4_a_D_Meb_D_OMe	Clade_81
rhizopodin_RizB_5_KS5_bketo	Clade_66
thiomarinol_TmpA_2_KS6_a_D_OHb_D_OH	Clade_53
chlorotonil_CtoE_2_KS10_bketo	Clade_29
SIA7248_SiaG_1_KS8_bMeDB	Clade_82
9_methylstreptimidone_SmdI_4_KS4_eDB	Clade_52
dorrigocin_migrastatin_MgsF_6_KS9_eDB	Clade_16
thiomarinol_TmpB_2_KS9_0rearrangement	clade_not_conserved
disorazole_DszB_4_KS8_0zDB	clade_not_conserved
psymberin_PsyD_9_KS11_bketo	Clade_40
bacillaene_Bamy_BaeM_2_KS9_zDBaMe	Clade_47
etnangien_EtnG_2_KS12_0b_L_OH	Clade_79
elansolid_Cpin_ElsP_1_KS11_a_L_Meb_D_OH	Clade_56
onnamide_OnnJ_1_KS11_bOH	Clade_5
kalimantacin_batumin_Bat2_1_KS2_AAGly	clade_not_conserved
luminaolid_LumC_2_KS8_a_D_Meb_D_OH_b_D_OH	Clade_85
kalimantacin_batumin_Bat3_2_KS9_eDB	Clade_17
rhizoxins_RhiC_1_KS6_aMeeDB	Clade_46
macrolactin_MlnE_2_KS8_bimod_bOH	Clade_4
chlorotonil_CtoD_4_aMeshDB	Clade_84
thailanstatin_TstC_1_KS1_lactateStarter	Clade_45
myxovirescin_TaO_3_KS10_bketo	Clade_16
rhizopodin_RizB_1_KS1_AAgly	Clade_30
onnamide_OnnB_2_KS2_a_L_Me_D_OH	Clade_57
legioliulin_LglD_1_KS1_aromaticStarter	clade_not_conserved
thiomarinol_TmpB_1_KS8_eDBbMe	Clade_63
kirromycin_KirAII_1_KS3_eDB	Clade_66
nosperin_NspC_2_KS5_AAgly	Clade_1
onnamide_OnnB_1_KS1_GNATstarter	Clade_8
thailandamide_TaiD_4_KS4_0reda_D_Me	Clade_33
elansolid_Csan_ElaQ_1_KS11_a_L_Meb_D_OH	Clade_56
corallopyronin_CorK_1_KS7_acetyl	Clade_41
difficidin_DifI_3_KS9_red	Clade_12
etnangien_EtnI_1_KS17_reda_L_Me	clade_not_conserved
misakinolide_MisD_1_KS6_reda_L_Me	Clade_90
legioliulin_LglD_2_KS2_eDB	Clade_65
macrolactin_MlnB_1_KS1_acetylStarter	Clade_41
virginiamycin_VirH_1_KS7_0AAoxz	Clade_75
dorrigocin_migrastatin_MgsF_2_KS5_a_D_MebketodH	Clade_96
basiliskamides_P615_BasF_1_KS1_GNATstarter	Clade_95
onnamide_OnnI_4_KS7_adiMeb_D_OH	Clade_80
misakinolide_MisD_4_KS10_a_L_Meb_L_OH	Clade_80
thailanstatin_TstC_3_KS3_0eDB	Clade_86
oocydin_Smar_OocN_4_KS8_furan	Clade_25
SIA7248_SiaF_1_KS4_b_D_OH	Clade_78
griseoviridin_SgvE3_2_KS6_b_L_OH	Clade_51
bryostatin_BryC_3_KS10_adiMebketo	Clade_95
bacillaene_Bamy_BaeN_2_KS11_shDB	Clade_12
chivosazole_ChiC_1_KS4_a_D_Meb_D_OH	Clade_85
virginiamycin_VirA_4_KS4_eDB	Clade_66
oxazolomycin_OzmH_1_KS5_aMezDB	Clade_48
myxovirescin_Ta1_2_KS2_b_L_OH	clade_not_conserved
phormidolide_EKU96424_PhorK_1_KS1_unusualStarter	Clade_92
pederin_PedI_3_KS3_exometh	Clade_88
rhizopodin_RizB_3_KS3_0bimod_a_D_Meb_D_OH	Clade_49
mupirocin_MmpD_4_KS4_a_D_Me	Clade_96
chivosazole_ChiF_2_KS16_bimod_bOH	Clade_4
oxazolomycin_OzmJ_2_KS11_0a_L_OMebketo	Clade_60
kirromycin_KirAIV_2_KS8_aMeeDB	Clade_66
oocydin_Ddad_OocJ_1_KS1_unusualStarter	Clade_92
mupirocin_MmpD_2_KS2_a_L_Meb_L_OH	Clade_95
sorangicin_SorA_5_KS5_a_L_OHb_L_OH	Clade_78
oxazolomycin_OzmJ_1_KS10_a_L_Meb_L_OH	Clade_80
oxazolomycin_OzmN_1_KS2_AAoxa	Clade_2
elansolid_Csan_ElaK_3_KS5_eDB	Clade_63
elansolid_Csan_ElaK_2_KS4_aMe	Clade_95
sorangicin_SorA_3_KS3_reda_D_Me	Clade_93
bongkrekic_acid_BonB_2_KS8_red	Clade_18
kirromycin_KirAIV_4_KS10_b_L_OH	Clade_29
pederin_PedH_1_KS10_rearrangement	Clade_11
rhizoxins_RhiB_3_KS4_aMeeDB	Clade_47
calyculin_CalE_3_KS12_a_D_Meb_L_OH	Clade_13
anthracimycin_AtcF_3_KS10_bketo	Clade_29
macrolactin_MlnE_1_KS7_b_D_OH	Clade_65
misakinolide_MisC_4_KS4_bOMe	Clade_81
calyculin_CalI_1_KS24_shDB	Clade_5
luminaolid_LumD_2_KS12_b_D_OMe	Clade_83
misakinolide_MisD_3_KS9_b_L_OH	Clade_78
bacillaene_Bamy_BaeR_1_KS13_0aMeDB	Clade_72
pederin_PedF_5_KS8_pyran	Clade_23
thiomarinol_TmpD_4_KS4_a_D_OH	Clade_96
legioliulin_LglE_1_KS5_bOH	Clade_40
disorazole_DszA_1_KS1_acetylStarter	Clade_41
myxopyronin_MxnJ_2_KS5_0reda_L_Me	Clade_48
enacyloxin_Bamb_5920_2_KS9_aMeDB	Clade_40
tartrolon_TrtD_1_KS1_unusualStarter_lactate	Clade_45
etnangien_EtnH_1_KS15_bimod_zDB	Clade_41
rhizoxins_RhiD_1_K9_aMeb_D_OH	Clade_80
calyculin_CalG_2_KS22_aMeDB	clade_not_conserved
misakinolide_MisC_3_KS3_0bimod_b_D_OMe	Clade_49
tolytoxin_TtoE_3_KS9_b_L_OH	Clade_78
misakinolide_MisC_5_KS5_L_OH_or_D_PY	clade_not_conserved
diaphorin_DipO_1_KS10_rearrangement	Clade_11
bryostatin_BryA_KS3_3_b_D_OH	Clade_59
etnangien_EtnD_4_KS4_eDB	Clade_64
luminaolid_LumC_4_KS10_a_L_Meb_L_OH	Clade_80
mupirocin_MmpB_1_KS8_esterification	Clade_63
rhizoxins_RhiE_2_KS13_b_L_OH	Clade_78
difficidin_DifJ_2_KS12_obimod_bOH	Clade_3
chivosazole_ChiC_4_KS7_eDB	Clade_48
bryostatin_BryB_2_KS5_adiMEbketo	Clade_95
chivosazole_ChiC_6_KS9_0a_D_Meb_D_OH	Clade_49
thailandamide_TaiD_2_KS2_b_L_OH	Clade_78
macrolactin_MlnG	Clade_65
disorazole_DszC_1_KS2_0AAoxz	Clade_73
thailanstatin_TstDEF_2_KS5_reda_L_Me	Clade_93
difficidin_DifF_3_KS3_red	Clade_12
bryostatin_BryC_4_KS11_0b_D_OH	Clade_60
tolytoxin_TtoF_4_KS18_aMeeDB	Clade_47
oxazolomycin_OzmH_2_KS6_AAgly	Clade_30
FR901464_Fr9I_2_KS12_0pyran	Clade_24
phormidolide_EKU96423_PhorL_1_KS4_aMeb_D_OH	clade_not_conserved
nosperin_NspC_1_KS4_0hacetal	Clade_34
disorazole_DszC_1_KS9_0AAoxz	Clade_75
thailanstatin_TstI_1_KS11_0b_D_OH	Clade_36
misakinolide_MisF_2_KS16_pyran	Clade_23
tartrolon_TrtF_1_KS9_b_D_OH	Clade_51
thailandamide_TaiE_2_KS6_eDB	Clade_63
kalimantacin_batumin_Bat1_1_KS1_AcStarter	Clade_8
chlorotonil_CtoC_4_KS4_aMezshDB	Clade_84
tolytoxin_TtoE_6_KS12_b_D_OMe	Clade_83
sorangicin_SorB_2_KS9_pyran	Clade_25
elansolid_Cpin_ElsI_2_KS2_eDB	Clade_47
luminaolid_LumD_4_KS14_0bimod_b_D_OH	Clade_3
SIA7248_SiaG_3_KS10_eDB	Clade_64
disorazole_DszB_1_KS5_zDB	Clade_43
cycloheximide_ChxE_2_KS2_0zDB	Clade_61
rhizoxins_RhiD_2_KS10_shD	Clade_16
SIA7248_SiaF_3_KS6_b_D_OH	Clade_78
mupirocin_MmpD_3_KS3_eDB	Clade_63
bacillaene_Bamy_BaeJ_3_KS3_0Hbimod_bOH	Clade_3
enacyloxin_Bamb_5920_1_KS8_eDB	Clade_40
luminaolid_LumC_1_KS7_a_L_Meb_L_OMe_a_L_Meb_L_OH	Clade_80
chivosazole_ChiB_3_KS3_a_L_Meb_L_OH	Clade_91
sorangicin_SorA_1_KS1_unusualStarter	Clade_6
tartrolon_TrtE_3_KS6_red	Clade_5
virginiamycin_VirA_1_KS1_unusualstarter	Clade_9
9_methylstreptimidone_SmdI_KS5_5_a_D_Mebketo	Clade_96
tolytoxin_TtoE_8_KS14_0bimod_b_D_OH	Clade_3
corallopyronin_CorJ_3_KS6_a_D_Me	Clade_27
sorangicin_SorB_4_KS11_red	Clade_12
misakinolide_MisE_4_KS14_0b_L_OH	Clade_3
elansolid_Csan_ElaP_2_KS9_0bimod_bOH	Clade_79
kalimantacin_batumin_Bat2_2_KS3_bOH	Clade_78
anthracimycin_AtcF_1_KS8_shDB	Clade_91
tolytoxin_TtoC_2_KS2_a_D_MeshDB	Clade_27
elansolid_Csan_ElaJ_2_KS2_eDB	Clade_47
9_methylstreptimidone_SmdI_3_KS3_vinylogous	Clade_39
difficidin_DifH_1_KS6_zDB	Clade_69
enacyloxin_Bamb_5919_2_KS11_0eDB	Clade_74
myxovirescin_Ta1_1_KS1_AAgly	clade_not_conserved
sorangicin_SorI_2_KS24_0zDB	Clade_74
difficidin_DifF_2_KS2_aMeeDB	Clade_47
calyculin_CalE_6_KS16_adiMbketo	Clade_95
SIA7248_SiaH_KS12_bketo	Clade_71
kirromycin_KirAII_2_KS4_diMb_L_OH	Clade_22
tartrolon_TrtD_KS2_2_red	Clade_38
corallopyronin_CorI_2_KS2_AAGly	Clade_20
etnangien_EtnD_1_KS1_unusualStarters_Succ	Clade_6
2hg4_chainA_EryKS5_OUTGROUP	Clade_40
elansolid_Cpin_ElsJ_1_KS3_adiMeb_D_OH	Clade_95
FR901464_Fr9C_1_KS1_unusualstarter_lactate	Clade_45
myxovirescin_Ta1_7_KS7_eDB	Clade_64
chivosazole_ChiB_2_KS2_b_D_OH	Clade_22
bongkrekic_acid_BonA_4_KS4_b_L_OH	Clade_78
bacillaene_Bsub_PksM_3_KS10_bOH	Clade_79
diaphorin_DipT_6_KS9_b_L_OH	Clade_78
thailanstatin_TstGH_2_KS9_b_D_OH	no_clade
rhizoxins_RhiD_3_KS11_0bimod_aMeeDB	Clade_72
misakinolide_MisC_2_KS2_b_D_OH	Clade_29
kirromycin_KirAIV_1_KS7_eDB	Clade_66
enacyloxin_Bamb_5922_1_KS5_b_D_OH	Clade_40
tolytoxin_TtoF_1_KS15_zDB	Clade_69
enacyloxin_Bamb_5923_1_KS4_b_L_OH	Clade_40
bacillaene_Bsub_PksN_1_KS11_AAala	Clade_1
phormidolide_EKU96424_PhorK_2_KS2_exometh	Clade_88
FR901464_Fr9C_2_KS2_0bOH	Clade_60
griseoviridin_SgvE2_2_KS4_eDB	Clade_66
bacillaene_Bsub_PksJ_3_KS3_OHbimod_OH	Clade_3
calyculin_CalH_2_KS26_AAala	Clade_1
bacillaene_Bsub_PksL_1_KS4_zD	Clade_69
chlorotonil_CtoC_1_KS1_acetylStarter	Clade_41
mupirocin_MmpD_1_KS1_acetylStarter	Clade_7
sorangicin_SorB_1_KS8_0zDB	Clade_74
chivosazole_ChiC_2_KS5_bimod_bOH	Clade_4
phormidolide_EKU96419_PhorP_3_KS15_0eDBbMe	Clade_86
calyculin_CalF_4_KS19_b_D_OMe	Clade_83
rhizopodin_RizB_7_KS7_0bimodb_D_OH	Clade_49
oxazolomycin_OzmH_4_KS8_0eDB	Clade_3
oocydin_Smar_OocJ_1_KS1_unusualStarter	Clade_92
pederin_PedF_2_KS5_AAgly	Clade_1
bongkrekic_acid_BonA_5_KS5_DB	Clade_64
pederin_PedH_2_KS11_red	Clade_13
psymberin_PsyD_1_KS3_bimod_0b_L_OH	Clade_34
bacillaene_Bsub_PksR_1_KS14_OaMeDB	Clade_72
psymberin_PsyD_8_KS10_aMebketo	Clade_71
etnangien_EtnF_1_KS8_a_D_Meb_D_OH	Clade_96
elansolid_Csan_ElaP_1_KS8_eDB	Clade_65
bacillaene_Bsub_PksJ_1_KS1_AAgly	Clade_1
corallopyronin_CorL_4_KS13_aMeDB	Clade_48
sorangicin_SorB_3_KS10_eDB	Clade_64
bacillaene_Bsub_PksL_3_KS6_bMeeDB	Clade_82
pederin_PedH_3_KS12_bimod_bOH	Clade_62
chivosazole_ChiF_1_KS15_aMeeDB	Clade_48
rhizopodin_RizB_6_KS6_reda_L_Me	Clade_90
misakinolide_MisC_1_KS1_acetylStarter	Clade_41
tolytoxin_TtoD_1_KS4_a_D_Meb_D_OMe	Clade_81
rhizopodin_RizB_4_KS4_a_D_Meb_D_OMe	Clade_81
oocydin_Ddad_OocR_1_KS11_obimod_bOH	Clade_98
phormidolide_EKU96423_PhorL_3_KS6_adiMeb_D_OH	Clade_80
tolytoxin_TtoE_5_KS11_0b_D_OH	Clade_60
thailandamide_TaiM_2_KS14_eDB	Clade_63
sorangicin_SorE_3_KS17_eDB	Clade_64
chivosazole_ChiE_2_KS14_a_L_Meb_L_OH	clade_not_conserved
enacyloxin_Bamb_5921_2_KS7_b_D_OH	Clade_40
nosperin_NspA_3_KS3_exometh	Clade_88
albicidin_AlbI_2_KS2_aMeeDB	Clade_46
elansolid_Csan_ElaO_2_KS7_bimod_b_D_OH	Clade_4
elansolid_Csan_ElaP_3_KS10_zDB	Clade_63
difficidin_DifG_1_KS4_OH	Clade_100
oocydin_Smar_OocN_5_KS9_red	Clade_15
misakinolide_MisF_3_KS17_b_D_OH	Clade_59
phormidolide_EKU96420_PhorO_4_KS12_furan	Clade_25
difficidin_DifL_1_KS14_redaMe	Clade_95
oocydin_Smar_OocS_3_KS15_0b_L_OH	Clade_79
etnangien_EtnD_2_KS2_eDBbMe	Clade_87
bryostatin_BryC_2_KS9_pyran	Clade_25
calyculin_CalG_4_KS24_eDB	Clade_62
legioliulin_LglD_3_KS3_bketo	Clade_29
diaphorin_DipT_3_KS6_b_D_OH	Clade_58
rhizoxins_RhiA_1_KS1_0GNATStarter	Clade_33
luminaolid_LumE_3_KS17_b_D_OH	Clade_59
misakinolide_MisE_2_KS12_b_D_OMe	Clade_83
myxovirescin_Ta1_3_KS3_0b_L_OH	clade_not_conserved
luminaolid_LumB_3_KS6_reda_L_Me	Clade_90
virginiamycin_VirG_1_KS6_b_D_OH	Clade_51
bacillaene_Bamy_BaeN_3_KS12_shDB	Clade_12
luminaolid_LumE_2_KS16_pyran	Clade_23
leinamycin_LnmJ_4_KS7_red	Clade_21
dorrigocin_migrastatin_MgsE_1_KS1_unusualStarter_AMT	Clade_6
etnangien_EtnI_2_KS18_a_L_Meb_D_OH	Clade_56
calyculin_CalC_2_KS8_AAoxa	Clade_44
corallopyronin_CorJ_2_KS5_0aMe	Clade_48
diaphorin_DipT_1_KS4_0acetal	Clade_34
corallopyronin_CorL_3_KS12_bMeDB	Clade_81
bacillaene_Bsub_PksL_4_KS7_Obimod_bOH	Clade_3
pederin_PedF_6_KS9_b_L_OH	Clade_78
anthracimycin_AtcE_KS6_eDB	Clade_66
etnangien_EtnI_4_KS20_0b_L_OH	Clade_79
leinamycin_LnmJ_2_KS5_bketo	Clade_89
sorangicin_SorG_1_KS18_a_L_Mb_L_OH	Clade_93
bongkrekic_acid_BonD_3_KS12_0vinylbranch	Clade_74
difficidin_DifK_1_KS13_eDB	Clade_62
myxopyronin_MxnI_1_KS1_unusualstarter	Clade_19
oocydin_Smar_OocR_2_KS12_shDB	Clade_15
onnamide_OnnI_6_KS9_b_L_OH	Clade_78
thailanstatin_TstDEF_1_KS4_AAthr	no_clade
pederin_PedF_4_KS7_adiMeb_D_OH	Clade_80
luminaolid_LumA_2_KS2_a_D_MeshDB	Clade_27
myxovirescin_TaO_4_KS11_red	Clade_17
phormidolide_EKU96419_PhorP_2_KS14_b_D_OH	Clade_62
myxopyronin_MxnK_1_KS7_starter	Clade_41
luminaolid_LumA_1_KS1_AAgly	Clade_30
2qo3_chainA_EryKS3_OUTGROUP	Clade_40
SIA7248_SiaI_1_KS13_2biMod_OH	Clade_40
tartrolon_TrtF_3_KS11_reda_D_Me	Clade_38
SIA7248_SiaF_4_KS7_b_D_OH	Clade_78
psymberin_PsyA_1_KS1_GNATStarter	Clade_8
chlorotonil_CtoC_2_KS2_bOH	Clade_50
rhizoxins_RhiC_2_KS7_a_D_Meb_L_OH	Clade_80
misakinolide_MisD_2_KS8_b_L_OH	Clade_85
rhizopodin_RizE_1_KS17_obimod_b_L_OH	Clade_49
elansolid_Cpin_ElsP_3_KS13_aMeDB	Clade_47
chivosazole_ChiE_1_KS13_zDB_eDB	Clade_68
chlorotonil_CtoD_1_KS5_eDB	Clade_66
etnangien_EtnF_3_KS10_b_L_OH	Clade_79
oocydin_Smar_OocL_2_KS4_eDBbMe	Clade_82
kirromycin_KirAII_3_KS5_b_D_OH	Clade_22
lankacidin_LkcF_2_KS4_a_D_Meb_L_OH	Clade_37
thailanstatin_TstGH_1_KS8_eDB	Clade_62
calyculin_CalE_1_KS10_KS0ox	Clade_36
tartrolon_TrtE_4_KS7_b_L_OH	Clade_37
diaphorin_DipP_2_KS2_a_L_Meb_D_OH	Clade_57
lankacidin_LkcA_1_KS1_AAgly	Clade_37
oxazolomycin_OzmH_5_KS9_eDB	Clade_70
sorangicin_SorE_2_KS16_pyran	Clade_25
psymberin_PsyD_3_KS5_b_D_OH	Clade_58
mupirocin_MmpA_3_KS7_b_D_OH	Clade_63
oocydin_Ddad_OocS_1_KS13_aMebOH	Clade_80
calyculin_CalB_3_KS5_0reda_L_Me	Clade_95
chlorotonil_CtoC_3_KS3_eDB	Clade_28
rhizoxins_RhiB_2_KS3_AAoxa	Clade_44
sorangicin_SorH_3_KS22_0bimod_bOH	Clade_3
pederin_PedI_2_KS2_a_L_Meb_D_OH	Clade_57
bacillaene_Bamy_BaeL_1_KS4_zD	Clade_69
macrolactin_MlnD_2_KS6_b_D_OH	Clade_29
griseoviridin_SgvE2_1_KS3_AAgly	Clade_2
nosperin_NspC_3_KS6_0biomod_aMeeDB	Clade_72
rhizopodin_RizB_2_KS2_eDB	Clade_31
sorangicin_SorE_1_KS15_a_D_Mb_L_OH	Clade_95
bacillaene_Bamy_BaeL_2_KS5_eD	Clade_64
rhizopodin_RizE_3_KS19_0b_L_OH	clade_not_conserved
SIA7248_SiaG_2_KS9_eDB	Clade_66
FR901464_Fr9F_4_KS7_aMeeDB	Clade_46
thailandamide_TaiL_3_KS11_b_D_OH	Clade_52
bongkrekic_acid_BonD_1_KS10_a_L_Me	Clade_93
tolytoxin_TtoD_3_KS6_reda_L_Me	Clade_90
difficidin_DifF_1_KS1_unusualStarters_acryloyl	Clade_42
thailandamide_TaiK_2_KS8_0bOH	Clade_3
rhizopodin_RizC_1_KS9_adiMeb_L_OH	Clade_90
SIA7248_SiaH_KS11_eDB	Clade_68
rhizopodin_RizD_5_KS15_bimod_bOH	clade_not_conserved
oocydin_Ddad_OocS_2_KS14_aMezDB	Clade_69
rhizopodin_RizD_4_KS14_b_D_OMe	Clade_81
bacillaene_Bamy_BaeN_1_KS10_AAala	Clade_1
lankacidin_LkcC_1_KS2_aMeeDB	Clade_48
phormidolide_EKU96419_PhorP_1_KS13_redbMe	Clade_88
rhizopodin_RizD_2_KS12_AAoxa	Clade_44
corallopyronin_CorK_2_KS8_eDB	Clade_42
elansolid_Cpin_ElsJ_3_KS5_eDB	Clade_63
thailanstatin_TstC_2_KS2_0bOH	Clade_60
elansolid_Csan_ElaO_1_KS6_bMeDB	Clade_82
bongkrekic_acid_BonA_6_KS6_0bimod_bOH	Clade_3
rhizoxins_RhiB_4_KS5_eDB	Clade_62
oxazolomycin_OzmN_2_KS3_eDB	Clade_66
myxovirescin_Ta1_5_KS5_red	Clade_16
9_methylstreptimidone_SmdI_1_KS1_unusualstarter_AMT	Clade_6
griseoviridin_SgvE3_1_KS5_eDB	Clade_81
cycloheximide_ChxE_4_KS4_b_D_OH	Clade_52
SIA7248_SiaD_1_KS1_unusualStarter_lactate	Clade_45
bacillaene_Bsub_PksM_2_KS9_zDBaMe	Clade_47
virginiamycin_VirA_2_KS2_a_L_Meb_D_OH	Clade_48
bacillaene_Bsub_PksJ_2_KS2_red	Clade_12
leinamycin_LnmJ_3_KS6_aMeDB	Clade_48
etnangien_EtnF_2_KS9_b_D_OH	Clade_56
onnamide_OnnI_7_KS10_0red	Clade_72
etnangien_EtnG_3_KS13_b_L_OMe	Clade_83
psymberin_PsyD_5_KS7_pyran	clade_not_conserved
kirromycin_KirAI_1_KS1_AcStarter	Clade_9
FR901464_Fr9D_1_KS4_AAthr	no_clade
rhizoxins_RhiC_3_KS8_b_D_OH	clade_not_conserved
calyculin_CalE_4_KS13_b_L_OH	Clade_80
pederin_PedF_3_KS6_b_D_OH	Clade_58
oocydin_Smar_OocS_4_KS16_0	Clade_86
myxopyronin_MxnK_4_KS10_bMeDB	Clade_81
calyculin_CalE_7_KS15_b_L_OH	Clade_83
chivosazole_ChiD_1_KS10_0AAoxz	Clade_75
dorrigocin_migrastatin_MgsE_2_KS2_0zDB	Clade_61
misakinolide_MisE_1_KS11_0b_D_OH	Clade_60
SIA7248_SiaF_2_KS5_b_D_OH	Clade_63
malleilactone_burkholderic_acid_BurA_1_KS1_unusualStarter	Clade_2
oocydin_Ddad_OocJ_2_KS2_exometh	Clade_88
tolytoxin_TtoF_2_KS16_pyran	Clade_23
thailandamide_TaiM_3_KS15_aMeeDB	Clade_46
bacillaene_Bsub_PksN_2_KS12_shDB	Clade_12
oxazolomycin_OzmN_3_KS4_zDB	Clade_43
etnangien_EtnD_3_KS3_b_D_OH	clade_not_conserved
rhizopodin_RizB_8_KS8_b_D_OMe	Clade_81
anthracimycin_AtcD_4_KS4_aMezshDB	Clade_91
thiomarinol_TmpD_1_KS1_acetylStarter	Clade_7
oocydin_Ddad_OocS_4_KS16_0	Clade_86
legioliulin_LglD_4_KS4_bketo	Clade_71
elansolid_Cpin_ElsO_1_KS8_eDB	Clade_65
rhizopodin_RizC_2_KS10_b_D_OH	Clade_73
kalimantacin_batumin_Bat3_3_KS10_exometh	Clade_87
rhizoxins_RhiF_1_KS15_vinylogous	Clade_39
kalimantacin_batumin_Bat3_1_KS8_eDB	Clade_70
anthracimycin_AtcD_1_KS1_acetylStarter	Clade_41
phormidolide_EKU96424_PhorK_3_KS3_b_D_OH	Clade_14
calyculin_CalB_1_KS3_KS0_b_L_OH	Clade_34
mupirocin_MmpA_2_KS6_a_D_OHb_D_OH	Clade_53
onnamide_OnnB_3_KS3_exometh	Clade_88
pederin_PedF_1_KS4_0hacetal	Clade_34
bacillaene_Bamy_BaeJ_2_KS2_red	Clade_12
tolytoxin_TtoE_1_KS7_a_D_Meb_D_OH	Clade_80
bryostatin_BryC_1_KS8_exoester	Clade_87
myxopyronin_MxnI_3_KS3_biMod_eDB	Clade_31
misakinolide_MisF_4_KS18_aMeeDB	Clade_47
luminaolid_LumE_4_KS18_0b_D_OH	Clade_74
chivosazole_ChiF_4_KS18_0zDB	Clade_73
oocydin_Smar_OocR_1_KS11_0bimod_bOH	Clade_98
calyculin_CalB_4_KS6_0reda_L_Me	Clade_33
griseoviridin_SgvE1_2_KS2_b_D_OH	Clade_48
bongkrekic_acid_BonB_1_KS7_DB	Clade_64
anthracimycin_AtcF_2_KS9_eDB_DA	Clade_66
macrolactin_MlnF_1_KS9_zD_zDB	Clade_65
elansolid_Cpin_ElsJ_2_KS4_aMe	Clade_95
myxovirescin_Ta1_4_KS4_b_L_OH	Clade_53
macrolactin_MlnD_1_KS5_eDB	Clade_65
psymberin_PsyD_7_KS9_b_L_OH	Clade_78
elansolid_Csan_ElaR_1_KS14_0eDB	Clade_74
myxopyronin_MxnJ_3_KS6_reda_L_Me	Clade_27
phormidolide_EKU96423_PhorL_4_KS7_b_D_OH	Clade_54
misakinolide_MisE_3_KS13_b_D_OH	Clade_59
dorrigocin_migrastatin_MgsE_3_KS3_vinylogous	Clade_39
calyculin_CalG_3_KS23_bMeDB	Clade_82
thailandamide_TaiL_4_KS12_eDB	Clade_64
albicidin_AlbI_1_KS1_aromaticStarter_AL	Clade_10
bacillaene_Bamy_BaeM_1_KS8_zDB	Clade_69
chivosazole_ChiC_5_KS8_b_L_OH	Clade_29
lankacidin_LkcG_1_KS5_aMebketo	Clade_89
anthracimycin_AtcE_KS5_eDB	Clade_66
tolytoxin_TtoF_3_KS17_b_D_OH	Clade_59
leinamycin_LnmI_3_KS3_zDB	no_clade
FR901464_Fr9GH_3_KS9_b_D_OH	Clade_88
corallopyronin_CorI_3_KS3_0bimod_eDB	Clade_31
oocydin_Smar_OocS_1_KS13_aMebOH	Clade_80
elansolid_Cpin_ElsO_3_KS10_zDB	Clade_63
sorangicin_SorG_2_KS19_b_L_OH	Clade_83
elansolid_Csan_ElaQ_3_KS13_aMeDB	Clade_47
leinamycin_LnmI_1_KS1_0AAoxz	Clade_75
diaphorin_DipT_4_KS7_adiMebOH	Clade_80
sorangicin_SorH_1_KS20_pyrane	Clade_25
9_methylstreptimidone_SmdI_2_KS2_ozDB	Clade_61
sorangicin_SorA_6_KS6_zDB	Clade_82
bacillaene_Bamy_BaeL_4_KS7_0Hbimod_bOH	Clade_3
calyculin_CalH_1_KS25_bMeDB	Clade_33
tolytoxin_TtoD_2_KS5_bketo	Clade_65
oxazolomycin_OzmK_1_KS12_a_L_OMe	Clade_83
oocydin_Ddad_OocN_6_KS10_0bketo	Clade_33
corallopyronin_CorJ_1_KS4_shDB	Clade_21
thailanstatin_TstGH_3_KS10_exometh	Clade_88
bryostatin_BryA_1_KS1_lactateStarter	Clade_45
bryostatin_BryA_2_KS2_b_L_OH	Clade_78
rhizopodin_RizD_1_KS11_0AAoxa	Clade_75
phormidolide_EKU96423PhorL_5_KS8_eDBbMe	Clade_82
misakinolide_MisF_5_KS19_0eDB	Clade_74
disorazole_DszA_2_KS2_eDB	Clade_42
phormidolide_EKU96423_PhorL_2_KS5_b_D_OH	Clade_54
chlorotonil_CtoD_3_KS7_redaMe	Clade_91
lankacidin_LkcF_1_KS3_b_D_OH	Clade_66
oxazolomycin_OzmH_3_KS7_eDB	Clade_66
myxopyronin_MxnK_3_KS9_red	Clade_26
rhizopodin_RizD_6_KS16_eDB	Clade_68
FR901464_Fr9C_3_KS3_0eDB	Clade_86
thailanstatin_TstDEF_3_KS6_pyran	Clade_24
enacyloxin_Bamb_5924_3_KS3_b_D_OH	Clade_40
sorangicin_SorA_2_KS2_red	Clade_12
oocydin_Smar_OocN_6_KS10_0bketo	Clade_33
corallopyronin_CorK_3_KS9_red	Clade_26
oocydin_Smar_OocN_3_KS7_b_L_OH	Clade_78
kirromycin_KirAI_2_KS2_zcrotonyl	no_clade
diaphorin_DipO_2_KS11_DB	Clade_13
rhizoxins_RhiB_1_KS2_0AAoxa	Clade_75
luminaolid_LumD_3_KS13_b_D_OH	Clade_59
elansolid_Cpin_ElsN_2_KS7_bimod_b_D_OH	Clade_4
anthracimycin_AtcD_3_KS3_eDB	Clade_28
bryostatin_BryX_1_KS14_GNATstarter	Clade_8
sorangicin_SorA_7_KS7_0bimod_bOH	Clade_3
luminaolid_LumE_1_KS15_zDB	Clade_69
enacyloxin_Bamb_5924_2_KS2_eDB	Clade_40
myxovirescin_TaO_1_KS8_redbethyl	Clade_87
calyculin_CalF_3_KS18_0b_D_OH	Clade_60
chlorotonil_CtoD_2_KS6_eDB	Clade_66
macrolactin_MlnG_1_KS11_bimod_bOH	Clade_4
phormidolide_EKU96420_PhorO_1_KS9_aMe_D_OH	Clade_35
elansolid_Csan_ElaQ_2_KS12_b_L_OH	Clade_78
tolytoxin_TtoC_3_KS3_0a_D_Meb_D_OH	Clade_49
luminaolid_LumB_2_KS5_bketo	Clade_65
pederin_PedI_1_KS1_GNATStarter	Clade_8
FR901464_Fr9F_3_KS6_pyran	Clade_24
kirromycin_KirAIII_4_KS6_AAgly	Clade_7
macrolactin_MlnC_1_KS4_eDB	Clade_65
FR901464_Fr9F_2_KS5_reda_L_Me	Clade_93
onnamide_OnnJ_2_KS12_bimod_eDB	Clade_62
diaphorin_DipP_1_KS1_GNATstarter	Clade_8
myxopyronin_MxnK_5_KS11_aMeDB	Clade_48
oocydin_Smar_OocL_1_KS3_rearrangement	Clade_11
oocydin_Ddad_OocN_3_KS7_b_L_OH	Clade_78
kalimantacin_batuminBat2_6_KS7_0bimod_bOH	Clade_3
calyculin_CalH_3_KS27_eDB	Clade_72
onnamide_OnnI_5_KS8_pyran	Clade_23
bryostatin_BryX_3_KS16	Clade_86
chlorotonil_CtoE_1_KS9_DB_DA	Clade_66
tolytoxin_TtoE_4_KS10_a_L_Meb_L_OH	Clade_80
mupirocin_MmpA_1_KS5_0b_D_OH	Clade_35
virginiamycin_VirA_3_KS3_AAgly	Clade_2
etnangien_EtnE_2_KS6_eDB	Clade_64
bryostatin_BryD_2_KS13_0b_D_OH	Clade_59
psymberin_PsyA_2_KS2_exometh	Clade_88
phormidolide_EKU96420_PhorO_2_KS10_0aOHaMeb_D_OH	Clade_77
etnangien_EtnG_4_KS14_0bOH	Clade_4
thailandamide_TaiD_3_KS3_eDB	Clade_63
misakinolide_MisD_2__KS9_lH	Clade_80
diaphorin_DipT_5_KS8_pyran	Clade_23
tartrolon_TrtF_2_KS10_0reda_D_Me	clade_not_conserved
basiliskamides_P615_BasE_2_KS3_a_D_Meb_D_OH	Clade_100
diaphorin_DipT_2_KS5_AAgly	Clade_1
malleilactone_burkholderic_acid_BurF_2_KS2_aMeeDB	Clade_46
onnamide_OnnI_1_KS4_0hacetale	Clade_34
etnangien_EtnE_1_KS5_eDB	Clade_64
disorazole_DszA_4_KS4_b_D_OH	clade_not_conserved
sorangicin_SorD_2_KS14_b_L_OH	Clade_78
chivosazole_ChiD_3_KS12_bimod_bOH	Clade_4
pederin_PedH_4_KS13_0eDB	Clade_74
calyculin_CalE_5_KS14_0b_L_OH	Clade_60
dorrigocin_migrastatin_MgsG_1_KS10_red	Clade_16
corallopyronin_CorL_1_KS10_bMeDB	clade_not_conserved
thailandamide_TaiK_1_KS7_bMeDB	Clade_82
