	KS1	KS2	KS3	KS4	KS5	KS6	KS7	KS8	KS9	KS10	KS11	KS12	KS13	KS14	KS15	KS16	KS17	KS18	KS19	KS20	KS21	KS22	KS23	KS24	KS25	KS26	KS27	KS28	KS29	KS30	KS31	KS32	KS33	KS34	KS35	KS36	KS37	KS38
OUTGROUP_2hg4|chainA_EryKS5	Clade_40	NA	NA	NA	NA	NA	NA	NA	NA	NA	NA	NA	NA	NA	NA	NA	NA	NA	NA	NA	NA	NA	NA	NA	NA	NA	NA	NA	NA	NA	NA	NA	NA	NA	NA	NA	NA
OUTGROUP_2qo3|chainA_EryKS3	Clade_40	NA	NA	NA	NA	NA	NA	NA	NA	NA	NA	NA	NA	NA	NA	NA	NA	NA	NA	NA	NA	NA	NA	NA	NA	NA	NA	NA	NA	NA	NA	NA	NA	NA	NA	NA	NA
almeida_2019-MGYG-HGUT-00012-c00001_GUT_GEN...k002	Clade_3	Clade_1	Clade_12	Clade_3	Clade_69	Clade_64	Clade_82	Clade_3	Clade_69	Clade_47	Clade_79	Clade_1	Clade_12	Clade_12	Clade_72	Clade_33	Clade_3	Clade_1	Clade_12	Clade_3	Clade_69	Clade_64	Clade_82	Clade_3	Clade_69	Clade_47	Clade_79	Clade_1	Clade_12	Clade_12	Clade_72	Clade_33	NA	NA	NA	NA	NA
almeida_2019-MGYG-HGUT-01206-c00001_GUT_GEN...k001	clade_not_conserved	clade_not_conserved	clade_not_conserved	clade_not_conserved	NA	NA	NA	NA	NA	NA	NA	NA	NA	NA	NA	NA	NA	NA	NA	NA	NA	NA	NA	NA	NA	NA	NA	NA	NA	NA	NA	NA	NA	NA	NA	NA	NA
almeida_2019-MGYG-HGUT-01436-c00001_GUT_GEN...k001	clade_not_conserved	clade_not_conserved	clade_not_conserved	NA	NA	NA	NA	NA	NA	NA	NA	NA	NA	NA	NA	NA	NA	NA	NA	NA	NA	NA	NA	NA	NA	NA	NA	NA	NA	NA	NA	NA	NA	NA	NA	NA	NA
almeida_2019-MGYG-HGUT-01510-c00002_GUT_GEN...k001	Clade_40	clade_not_conserved	clade_not_conserved	clade_not_conserved	Clade_2	NA	NA	NA	NA	NA	NA	NA	NA	NA	NA	NA	NA	NA	NA	NA	NA	NA	NA	NA	NA	NA	NA	NA	NA	NA	NA	NA	NA	NA	NA	NA	NA
almeida_2019-MGYG-HGUT-01518-c00006_GUT_GEN...k002	clade_not_conserved	clade_not_conserved	clade_not_conserved	clade_not_conserved	NA	NA	NA	NA	NA	NA	NA	NA	NA	NA	NA	NA	NA	NA	NA	NA	NA	NA	NA	NA	NA	NA	NA	NA	NA	NA	NA	NA	NA	NA	NA	NA	NA
almeida_2019-MGYG-HGUT-01681-c00014_GUT_GEN...k001	clade_not_conserved	clade_not_conserved	NA	NA	NA	NA	NA	NA	NA	NA	NA	NA	NA	NA	NA	NA	NA	NA	NA	NA	NA	NA	NA	NA	NA	NA	NA	NA	NA	NA	NA	NA	NA	NA	NA	NA	NA
almeida_2019-MGYG-HGUT-01681-c00019_GUT_GEN...k001	clade_not_conserved	clade_not_conserved	Clade_77	NA	NA	NA	NA	NA	NA	NA	NA	NA	NA	NA	NA	NA	NA	NA	NA	NA	NA	NA	NA	NA	NA	NA	NA	NA	NA	NA	NA	NA	NA	NA	NA	NA	NA
almeida_2019-MGYG-HGUT-01689-c00034_GUT_GEN...k001	Clade_89	Clade_41	Clade_65	Clade_92	Clade_50	Clade_84	Clade_65	NA	NA	NA	NA	NA	NA	NA	NA	NA	NA	NA	NA	NA	NA	NA	NA	NA	NA	NA	NA	NA	NA	NA	NA	NA	NA	NA	NA	NA	NA
almeida_2019-MGYG-HGUT-02490-c00024_GUT_GEN...k001	clade_not_conserved	clade_not_conserved	Clade_2	clade_not_conserved	Clade_2	Clade_2	Clade_2	NA	NA	NA	NA	NA	NA	NA	NA	NA	NA	NA	NA	NA	NA	NA	NA	NA	NA	NA	NA	NA	NA	NA	NA	NA	NA	NA	NA	NA	NA
almeida_2019-MGYG-HGUT-02518-c00007_GUT_GEN...k003	Clade_89	Clade_92	Clade_87	Clade_11	Clade_82	Clade_34	Clade_77	Clade_56	Clade_23	Clade_12	Clade_33	Clade_34	Clade_12	Clade_80	Clade_69	Clade_79	Clade_86	Clade_89	Clade_92	Clade_87	Clade_11	Clade_82	Clade_34	Clade_77	Clade_56	Clade_23	Clade_12	Clade_33	Clade_34	Clade_12	Clade_80	Clade_69	Clade_79	Clade_86	NA	NA	NA
almeida_2019-MGYG-HGUT-02817-c00012_GUT_GEN...k001	clade_not_conserved	clade_not_conserved	NA	NA	NA	NA	NA	NA	NA	NA	NA	NA	NA	NA	NA	NA	NA	NA	NA	NA	NA	NA	NA	NA	NA	NA	NA	NA	NA	NA	NA	NA	NA	NA	NA	NA	NA
almeida_2019-MGYG-HGUT-02817-c00016_GUT_GEN...k001	clade_not_conserved	clade_not_conserved	Clade_2	clade_not_conserved	Clade_2	Clade_2	Clade_2	NA	NA	NA	NA	NA	NA	NA	NA	NA	NA	NA	NA	NA	NA	NA	NA	NA	NA	NA	NA	NA	NA	NA	NA	NA	NA	NA	NA	NA	NA
almeida_2019-MGYG-HGUT-03192-c00007_GUT_GEN...k001	clade_not_conserved	clade_not_conserved	clade_not_conserved	clade_not_conserved	clade_not_conserved	clade_not_conserved	clade_not_conserved	clade_not_conserved	NA	NA	NA	NA	NA	NA	NA	NA	NA	NA	NA	NA	NA	NA	NA	NA	NA	NA	NA	NA	NA	NA	NA	NA	NA	NA	NA	NA	NA
almeida_2019-MGYG-HGUT-03687-c00003_GUT_GEN...k001	Clade_89	Clade_1	Clade_113	Clade_82	Clade_12	Clade_64	Clade_87	Clade_63	Clade_47	Clade_113	Clade_74	NA	NA	NA	NA	NA	NA	NA	NA	NA	NA	NA	NA	NA	NA	NA	NA	NA	NA	NA	NA	NA	NA	NA	NA	NA	NA
almeida_2019-MGYG-HGUT-03687-c00004_GUT_GEN...k001	clade_not_conserved	clade_not_conserved	clade_not_conserved	clade_not_conserved	NA	NA	NA	NA	NA	NA	NA	NA	NA	NA	NA	NA	NA	NA	NA	NA	NA	NA	NA	NA	NA	NA	NA	NA	NA	NA	NA	NA	NA	NA	NA	NA	NA
parks_2017-DBCU-DBCU01000002.1.k002	clade_not_conserved	Clade_1	Clade_12	Clade_3	Clade_69	Clade_64	Clade_82	Clade_3	Clade_69	Clade_47	Clade_79	Clade_1	Clade_12	Clade_12	Clade_72	Clade_33	clade_not_conserved	Clade_1	Clade_12	Clade_3	Clade_69	Clade_64	Clade_82	Clade_3	Clade_69	Clade_47	Clade_79	Clade_1	Clade_12	Clade_12	Clade_72	Clade_33	NA	NA	NA	NA	NA
parks_2017-DBDG-DBDG01000017.1.k001	clade_not_conserved	clade_not_conserved	NA	NA	NA	NA	NA	NA	NA	NA	NA	NA	NA	NA	NA	NA	NA	NA	NA	NA	NA	NA	NA	NA	NA	NA	NA	NA	NA	NA	NA	NA	NA	NA	NA	NA	NA
parks_2017-DBDG-DBDG01000020.1.k001	Clade_19	Clade_30	Clade_31	Clade_65	Clade_105	Clade_41	Clade_42	Clade_26	Clade_26	Clade_101	Clade_48	clade_not_conserved	Clade_2	clade_not_conserved	NA	NA	NA	NA	NA	NA	NA	NA	NA	NA	NA	NA	NA	NA	NA	NA	NA	NA	NA	NA	NA	NA	NA
parks_2017-DBDG-DBDG01000059.1.k001	Clade_2	Clade_2	Clade_40	clade_not_conserved	clade_not_conserved	NA	NA	NA	NA	NA	NA	NA	NA	NA	NA	NA	NA	NA	NA	NA	NA	NA	NA	NA	NA	NA	NA	NA	NA	NA	NA	NA	NA	NA	NA	NA	NA
parks_2017-DBKX-DBKX01000013.1.k001	Clade_47	Clade_63	Clade_80	Clade_12	NA	NA	NA	NA	NA	NA	NA	NA	NA	NA	NA	NA	NA	NA	NA	NA	NA	NA	NA	NA	NA	NA	NA	NA	NA	NA	NA	NA	NA	NA	NA	NA	NA
parks_2017-DBKX-DBKX01000126.1.k001	clade_not_conserved	clade_not_conserved	clade_not_conserved	clade_not_conserved	NA	NA	NA	NA	NA	NA	NA	NA	NA	NA	NA	NA	NA	NA	NA	NA	NA	NA	NA	NA	NA	NA	NA	NA	NA	NA	NA	NA	NA	NA	NA	NA	NA
parks_2017-DBKX-DBKX01000153.1.k001	Clade_89	Clade_93	Clade_56	Clade_87	NA	NA	NA	NA	NA	NA	NA	NA	NA	NA	NA	NA	NA	NA	NA	NA	NA	NA	NA	NA	NA	NA	NA	NA	NA	NA	NA	NA	NA	NA	NA	NA	NA
parks_2017-DBKX-DBKX01000294.1.k001	Clade_93	Clade_78	NA	NA	NA	NA	NA	NA	NA	NA	NA	NA	NA	NA	NA	NA	NA	NA	NA	NA	NA	NA	NA	NA	NA	NA	NA	NA	NA	NA	NA	NA	NA	NA	NA	NA	NA
parks_2017-DBKX-DBKX01000331.1.k001	Clade_82	Clade_65	NA	NA	NA	NA	NA	NA	NA	NA	NA	NA	NA	NA	NA	NA	NA	NA	NA	NA	NA	NA	NA	NA	NA	NA	NA	NA	NA	NA	NA	NA	NA	NA	NA	NA	NA
parks_2017-DBOQ-DBOQ01000066.1.k001	Clade_56	Clade_56	Clade_113	clade_not_conserved	Clade_104	Clade_82	Clade_65	Clade_64	Clade_64	Clade_65	Clade_71	Clade_40	Clade_5	NA	NA	NA	NA	NA	NA	NA	NA	NA	NA	NA	NA	NA	NA	NA	NA	NA	NA	NA	NA	NA	NA	NA	NA
parks_2017-DBOQ-DBOQ01000082.1.k001	Clade_56	Clade_56	NA	NA	NA	NA	NA	NA	NA	NA	NA	NA	NA	NA	NA	NA	NA	NA	NA	NA	NA	NA	NA	NA	NA	NA	NA	NA	NA	NA	NA	NA	NA	NA	NA	NA	NA
parks_2017-DBOQ-DBOQ01000105.1.k001	Clade_63	Clade_63	NA	NA	NA	NA	NA	NA	NA	NA	NA	NA	NA	NA	NA	NA	NA	NA	NA	NA	NA	NA	NA	NA	NA	NA	NA	NA	NA	NA	NA	NA	NA	NA	NA	NA	NA
parks_2017-DCLJ-DCLJ01000013.1.k001	Clade_2	Clade_2	clade_not_conserved	clade_not_conserved	NA	NA	NA	NA	NA	NA	NA	NA	NA	NA	NA	NA	NA	NA	NA	NA	NA	NA	NA	NA	NA	NA	NA	NA	NA	NA	NA	NA	NA	NA	NA	NA	NA
parks_2017-DCNL-DCNL01000004.1.k001	clade_not_conserved	Clade_1	Clade_12	Clade_3	Clade_69	Clade_64	Clade_82	Clade_3	Clade_69	Clade_47	Clade_79	Clade_1	Clade_12	Clade_12	Clade_72	Clade_33	clade_not_conserved	Clade_1	Clade_12	Clade_3	Clade_69	Clade_64	Clade_82	Clade_3	Clade_69	Clade_47	Clade_79	Clade_1	Clade_12	Clade_12	Clade_72	Clade_33	NA	NA	NA	NA	NA
parks_2017-DDBQ-DDBQ01000157.1.k001	clade_not_conserved	Clade_5	Clade_5	clade_not_conserved	NA	NA	NA	NA	NA	NA	NA	NA	NA	NA	NA	NA	NA	NA	NA	NA	NA	NA	NA	NA	NA	NA	NA	NA	NA	NA	NA	NA	NA	NA	NA	NA	NA
parks_2017-DDIX-DDIX01000002.1.k002	clade_not_conserved	Clade_1	Clade_12	Clade_3	Clade_69	Clade_64	Clade_82	Clade_3	Clade_69	Clade_47	Clade_79	Clade_1	Clade_12	Clade_12	Clade_72	Clade_33	clade_not_conserved	Clade_1	Clade_12	Clade_3	Clade_69	Clade_64	Clade_82	Clade_3	Clade_69	Clade_47	Clade_79	Clade_1	Clade_12	Clade_12	Clade_72	Clade_33	NA	NA	NA	NA	NA
parks_2017-DFJO-DFJO01000158.1.k001	clade_not_conserved	Clade_105	Clade_65	NA	NA	NA	NA	NA	NA	NA	NA	NA	NA	NA	NA	NA	NA	NA	NA	NA	NA	NA	NA	NA	NA	NA	NA	NA	NA	NA	NA	NA	NA	NA	NA	NA	NA
parks_2017-DFNB-DFNB01000077.1.k001	clade_not_conserved	clade_not_conserved	Clade_77	NA	NA	NA	NA	NA	NA	NA	NA	NA	NA	NA	NA	NA	NA	NA	NA	NA	NA	NA	NA	NA	NA	NA	NA	NA	NA	NA	NA	NA	NA	NA	NA	NA	NA
parks_2017-DFNB-DFNB01000085.1.k001	Clade_2	Clade_2	Clade_2	NA	NA	NA	NA	NA	NA	NA	NA	NA	NA	NA	NA	NA	NA	NA	NA	NA	NA	NA	NA	NA	NA	NA	NA	NA	NA	NA	NA	NA	NA	NA	NA	NA	NA
parks_2017-DFNW-DFNW01000004.1.k001	Clade_89	Clade_1	Clade_113	NA	NA	NA	NA	NA	NA	NA	NA	NA	NA	NA	NA	NA	NA	NA	NA	NA	NA	NA	NA	NA	NA	NA	NA	NA	NA	NA	NA	NA	NA	NA	NA	NA	NA
parks_2017-DFNW-DFNW01000012.1.k001	Clade_82	Clade_12	Clade_64	Clade_87	Clade_63	Clade_47	Clade_113	Clade_74	NA	NA	NA	NA	NA	NA	NA	NA	NA	NA	NA	NA	NA	NA	NA	NA	NA	NA	NA	NA	NA	NA	NA	NA	NA	NA	NA	NA	NA
parks_2017-DFNW-DFNW01000019.1.k003	clade_not_conserved	clade_not_conserved	clade_not_conserved	clade_not_conserved	NA	NA	NA	NA	NA	NA	NA	NA	NA	NA	NA	NA	NA	NA	NA	NA	NA	NA	NA	NA	NA	NA	NA	NA	NA	NA	NA	NA	NA	NA	NA	NA	NA
parks_2017-DFXI-DFXI01000062.1.k001	Clade_36	Clade_41	Clade_105	Clade_64	Clade_84	Clade_65	clade_not_conserved	Clade_26	Clade_90	Clade_29	NA	NA	NA	NA	NA	NA	NA	NA	NA	NA	NA	NA	NA	NA	NA	NA	NA	NA	NA	NA	NA	NA	NA	NA	NA	NA	NA
parks_2017-DFYA-DFYA01000314.1.k001	clade_not_conserved	Clade_80	Clade_111	Clade_82	Clade_34	Clade_77	Clade_56	NA	NA	NA	NA	NA	NA	NA	NA	NA	NA	NA	NA	NA	NA	NA	NA	NA	NA	NA	NA	NA	NA	NA	NA	NA	NA	NA	NA	NA	NA
parks_2017-DFZW-DFZW01000205.1.k001	Clade_111	Clade_82	Clade_34	NA	NA	NA	NA	NA	NA	NA	NA	NA	NA	NA	NA	NA	NA	NA	NA	NA	NA	NA	NA	NA	NA	NA	NA	NA	NA	NA	NA	NA	NA	NA	NA	NA	NA
parks_2017-DHRG-DHRG01000058.1.k001	Clade_1	Clade_93	NA	NA	NA	NA	NA	NA	NA	NA	NA	NA	NA	NA	NA	NA	NA	NA	NA	NA	NA	NA	NA	NA	NA	NA	NA	NA	NA	NA	NA	NA	NA	NA	NA	NA	NA
parks_2017-DHXK-DHXK01000076.1.k001	clade_not_conserved	Clade_68	Clade_29	NA	NA	NA	NA	NA	NA	NA	NA	NA	NA	NA	NA	NA	NA	NA	NA	NA	NA	NA	NA	NA	NA	NA	NA	NA	NA	NA	NA	NA	NA	NA	NA	NA	NA
parks_2017-DHXK-DHXK01000210.1.k001	Clade_29	Clade_71	clade_not_conserved	NA	NA	NA	NA	NA	NA	NA	NA	NA	NA	NA	NA	NA	NA	NA	NA	NA	NA	NA	NA	NA	NA	NA	NA	NA	NA	NA	NA	NA	NA	NA	NA	NA	NA
parks_2017-DIED-DIED01000005.1.k001	Clade_93	Clade_113	Clade_4	NA	NA	NA	NA	NA	NA	NA	NA	NA	NA	NA	NA	NA	NA	NA	NA	NA	NA	NA	NA	NA	NA	NA	NA	NA	NA	NA	NA	NA	NA	NA	NA	NA	NA
parks_2017-DIED-DIED01000037.1.k002	clade_not_conserved	clade_not_conserved	NA	NA	NA	NA	NA	NA	NA	NA	NA	NA	NA	NA	NA	NA	NA	NA	NA	NA	NA	NA	NA	NA	NA	NA	NA	NA	NA	NA	NA	NA	NA	NA	NA	NA	NA
parks_2017-DIHD-DIHD01000005.1.k002	clade_not_conserved	clade_not_conserved	clade_not_conserved	NA	NA	NA	NA	NA	NA	NA	NA	NA	NA	NA	NA	NA	NA	NA	NA	NA	NA	NA	NA	NA	NA	NA	NA	NA	NA	NA	NA	NA	NA	NA	NA	NA	NA
parks_2017-DIHD-DIHD01000008.1.k001	Clade_42	Clade_47	NA	NA	NA	NA	NA	NA	NA	NA	NA	NA	NA	NA	NA	NA	NA	NA	NA	NA	NA	NA	NA	NA	NA	NA	NA	NA	NA	NA	NA	NA	NA	NA	NA	NA	NA
parks_2017-DIHD-DIHD01000009.1.k002	Clade_12	Clade_4	Clade_65	Clade_3	Clade_62	Clade_93	NA	NA	NA	NA	NA	NA	NA	NA	NA	NA	NA	NA	NA	NA	NA	NA	NA	NA	NA	NA	NA	NA	NA	NA	NA	NA	NA	NA	NA	NA	NA
parks_2017-DIHD-DIHD01000011.1.k003	Clade_1	Clade_12	Clade_3	Clade_69	Clade_64	Clade_82	Clade_3	Clade_69	Clade_47	Clade_1	Clade_12	Clade_12	Clade_72	Clade_33	Clade_1	Clade_12	Clade_3	Clade_69	Clade_64	Clade_82	Clade_3	Clade_69	Clade_47	Clade_1	Clade_12	Clade_12	Clade_72	Clade_33	NA	NA	NA	NA	NA	NA	NA	NA	NA
parks_2017-DIHD-DIHD01000011.1.k004	Clade_41	Clade_50	Clade_26	Clade_65	Clade_65	Clade_29	Clade_65	Clade_4	Clade_65	Clade_65	Clade_4	NA	NA	NA	NA	NA	NA	NA	NA	NA	NA	NA	NA	NA	NA	NA	NA	NA	NA	NA	NA	NA	NA	NA	NA	NA	NA
parks_2017-DISD-DISD01000005.1.k001	Clade_3	Clade_6	Clade_61	clade_not_conserved	Clade_52	Clade_93	Clade_87	Clade_11	Clade_12	Clade_12	Clade_64	Clade_74	NA	NA	NA	NA	NA	NA	NA	NA	NA	NA	NA	NA	NA	NA	NA	NA	NA	NA	NA	NA	NA	NA	NA	NA	NA
parks_2017-DIUL-DIUL01000142.1.k001	Clade_41	Clade_89	Clade_2	Clade_48	Clade_89	Clade_89	Clade_66	Clade_48	clade_not_conserved	Clade_102	Clade_89	Clade_66	Clade_89	Clade_90	clade_not_conserved	Clade_89	Clade_5	NA	NA	NA	NA	NA	NA	NA	NA	NA	NA	NA	NA	NA	NA	NA	NA	NA	NA	NA	NA
parks_2017-DJAM-DJAM01000140.1.k001	clade_not_conserved	Clade_29	Clade_71	clade_not_conserved	NA	NA	NA	NA	NA	NA	NA	NA	NA	NA	NA	NA	NA	NA	NA	NA	NA	NA	NA	NA	NA	NA	NA	NA	NA	NA	NA	NA	NA	NA	NA	NA	NA
parks_2017-DJFO-DJFO01000033.1.k001	clade_not_conserved	Clade_11	Clade_11	NA	NA	NA	NA	NA	NA	NA	NA	NA	NA	NA	NA	NA	NA	NA	NA	NA	NA	NA	NA	NA	NA	NA	NA	NA	NA	NA	NA	NA	NA	NA	NA	NA	NA
parks_2017-DJFO-DJFO01000039.1.k001	Clade_12	Clade_72	Clade_5	Clade_74	NA	NA	NA	NA	NA	NA	NA	NA	NA	NA	NA	NA	NA	NA	NA	NA	NA	NA	NA	NA	NA	NA	NA	NA	NA	NA	NA	NA	NA	NA	NA	NA	NA
parks_2017-DJFO-DJFO01000243.1.k001	Clade_93	Clade_56	Clade_47	NA	NA	NA	NA	NA	NA	NA	NA	NA	NA	NA	NA	NA	NA	NA	NA	NA	NA	NA	NA	NA	NA	NA	NA	NA	NA	NA	NA	NA	NA	NA	NA	NA	NA
parks_2017-DJFO-DJFO01000344.1.k001	Clade_63	Clade_3	NA	NA	NA	NA	NA	NA	NA	NA	NA	NA	NA	NA	NA	NA	NA	NA	NA	NA	NA	NA	NA	NA	NA	NA	NA	NA	NA	NA	NA	NA	NA	NA	NA	NA	NA
parks_2017-DJJR-DJJR01000001.1.k001	Clade_30	Clade_12	Clade_63	Clade_33	NA	NA	NA	NA	NA	NA	NA	NA	NA	NA	NA	NA	NA	NA	NA	NA	NA	NA	NA	NA	NA	NA	NA	NA	NA	NA	NA	NA	NA	NA	NA	NA	NA
parks_2017-DJJR-DJJR01000048.1.k001	Clade_64	Clade_33	NA	NA	NA	NA	NA	NA	NA	NA	NA	NA	NA	NA	NA	NA	NA	NA	NA	NA	NA	NA	NA	NA	NA	NA	NA	NA	NA	NA	NA	NA	NA	NA	NA	NA	NA
parks_2017-DJJW-DJJW01000026.1.k001	Clade_36	Clade_41	Clade_104	Clade_64	NA	NA	NA	NA	NA	NA	NA	NA	NA	NA	NA	NA	NA	NA	NA	NA	NA	NA	NA	NA	NA	NA	NA	NA	NA	NA	NA	NA	NA	NA	NA	NA	NA
parks_2017-DJJW-DJJW01000061.1.k001	Clade_26	Clade_90	Clade_29	NA	NA	NA	NA	NA	NA	NA	NA	NA	NA	NA	NA	NA	NA	NA	NA	NA	NA	NA	NA	NA	NA	NA	NA	NA	NA	NA	NA	NA	NA	NA	NA	NA	NA
parks_2017-DJJW-DJJW01000096.1.k001	Clade_65	clade_not_conserved	NA	NA	NA	NA	NA	NA	NA	NA	NA	NA	NA	NA	NA	NA	NA	NA	NA	NA	NA	NA	NA	NA	NA	NA	NA	NA	NA	NA	NA	NA	NA	NA	NA	NA	NA
parks_2017-DLGC-DLGC01000004.1.k001	Clade_120	clade_not_conserved	clade_not_conserved	clade_not_conserved	NA	NA	NA	NA	NA	NA	NA	NA	NA	NA	NA	NA	NA	NA	NA	NA	NA	NA	NA	NA	NA	NA	NA	NA	NA	NA	NA	NA	NA	NA	NA	NA	NA
stewart_2019-RUG10210-RUG10210_asm_46.k001	Clade_4	clade_not_conserved	Clade_105	Clade_33	clade_not_conserved	Clade_50	Clade_29	NA	NA	NA	NA	NA	NA	NA	NA	NA	NA	NA	NA	NA	NA	NA	NA	NA	NA	NA	NA	NA	NA	NA	NA	NA	NA	NA	NA	NA	NA
stewart_2019-RUG11468-RUG11468_asm_1.k001	Clade_63	Clade_63	Clade_56	Clade_56	Clade_113	Clade_104	Clade_82	Clade_65	Clade_64	Clade_64	Clade_65	Clade_71	Clade_40	Clade_5	Clade_63	Clade_63	Clade_56	Clade_56	Clade_113	Clade_104	Clade_82	Clade_65	Clade_64	Clade_64	Clade_65	Clade_71	Clade_40	Clade_5	NA	NA	NA	NA	NA	NA	NA	NA	NA
tully_2018-TOBG_SP-12-c00091_MHASMco...k001	Clade_89	clade_not_conserved	Clade_105	NA	NA	NA	NA	NA	NA	NA	NA	NA	NA	NA	NA	NA	NA	NA	NA	NA	NA	NA	NA	NA	NA	NA	NA	NA	NA	NA	NA	NA	NA	NA	NA	NA	NA
